F3 Value,FC6 Value,P7 Value,T8 Value,F7 Value,F8 Value,T7 Value,P8 Value,AF4 Value,F4 Value,AF3 Value,O2 Value,O1 Value,FC5 Value,X Value,Y Value,Unknown Value
-652,-618,-428,-635,-645,-672,-302,-484,-161,-324,-661,-477,-287,-374,21,25,96
94,145,-17,32,121,87,-178,95,-168,-159,96,-10,-135,-207,22,24,43
128,116,136,141,88,116,-83,189,-160,-58,81,145,-40,-84,22,24,44
-293,-262,-278,-216,-336,-237,-244,-226,-165,-174,-271,-292,-225,-247,22,24,45
-148,-66,-177,-48,-8,-81,-137,-161,-161,-133,-65,-211,-107,-149,21,24,46
131,158,-21,277,320,124,-134,31,-161,-109,174,8,-104,-161,21,24,47
16,-60,-105,42,47,-85,-237,-62,-162,-201,26,-98,-221,-277,21,24,48
61,-30,0,-29,-26,-14,-140,54,-158,-108,95,17,-103,-154,21,24,49
-375,-366,-343,-374,-425,-304,-273,-339,-163,-206,-331,-358,-225,-295,21,24,50
-266,-133,-228,-135,-204,-128,-193,-250,-162,-177,-255,-288,-148,-209,21,24,51
98,224,-9,250,140,125,-164,52,-168,-116,71,34,-127,-180,21,24,52
-31,-97,-101,-83,-32,-155,-245,-95,-169,-194,-94,-48,-210,-287,21,24,53
47,-85,1,-118,81,-39,-105,21,-158,-90,-5,31,-67,-131,21,24,54
-281,-257,-330,-290,-258,-212,-229,-271,-160,-169,-272,-314,-207,-256,21,24,55
-174,-78,-202,-78,-305,-58,-181,-158,-154,-165,-145,-236,-146,-207,21,24,56
100,132,84,119,-29,169,-130,145,-158,-96,70,91,-81,-149,21,24,57
-92,-291,-118,-291,-45,-262,-248,-95,-167,-187,-179,-104,-211,-278,21,24,58
98,-212,-75,-94,149,-184,-130,-15,-160,-96,60,-60,-88,-141,21,25,59
-151,-205,-294,-106,-219,-182,-231,-232,-163,-162,-108,-292,-195,-262,21,25,60
-180,-56,-169,-114,-322,-22,-213,-126,-162,-187,-176,-214,-175,-262,21,25,61
-5,32,38,23,-102,71,-182,69,-163,-142,-25,69,-135,-214,21,25,62
-189,-172,-259,-146,-215,-184,-323,-166,-164,-257,-166,-229,-283,-356,21,25,63
106,232,-187,178,59,207,-177,120,-157,-157,126,-200,-132,-202,21,25,63
-112,-8,-331,-14,-186,31,-255,-111,-168,-198,-102,-346,-224,-294,21,25,63
-253,-257,-217,-236,-329,-231,-260,-231,-170,-232,-246,-254,-231,-302,21,25,63
-32,4,42,1,-105,31,-176,55,-164,-142,-53,88,-127,-202,21,25,63
-252,-181,-293,-195,-282,-139,-310,-176,-168,-252,-250,-272,-277,-348,21,25,63
-8,45,-252,3,-5,13,-180,-4,-164,-173,62,-307,-166,-213,21,25,63
-41,5,-305,7,-65,-32,-239,-71,-164,-191,24,-328,-236,-291,21,25,63
-194,-131,-225,-138,-251,-96,-283,-151,-161,-248,-194,-225,-270,-339,21,25,63
-101,-51,-12,-50,-177,-13,-195,2,-163,-156,-132,43,-164,-232,21,25,63
-384,-347,-376,-353,-435,-338,-321,-308,-168,-254,-386,-370,-299,-380,22,24,63
-99,-37,-302,-86,-85,-23,-191,-88,-156,-185,-42,-346,-168,-245,22,24,63
68,158,-255,123,55,174,-230,43,-159,-182,139,-245,-208,-281,22,24,63
-149,-86,-217,-69,-174,-66,-287,-131,-167,-243,-134,-223,-278,-340,22,24,63
-93,-70,-22,-90,-205,-40,-172,-42,-166,-148,-122,-12,-161,-202,22,24,63
-376,-357,-380,-426,-499,-346,-305,-339,-170,-250,-377,-397,-283,-349,22,24,63
-239,-164,-292,-83,-96,-138,-217,-230,-160,-195,-195,-346,-176,-254,21,24,63
24,133,-160,300,237,166,-227,-2,-161,-168,68,-163,-193,-255,21,24,63
-42,1,-162,-7,-99,12,-274,-52,-170,-230,-26,-182,-251,-306,21,24,81
-39,-46,-7,-92,-199,-27,-143,5,-169,-120,-37,-7,-121,-158,21,24,82
-396,-368,-344,-333,-419,-341,-265,-347,-169,-206,-381,-353,-249,-293,21,24,83
-133,-39,-216,-82,-122,-50,-170,-161,-163,-156,-82,-263,-141,-196,21,24,84
206,297,-52,171,139,239,-179,146,-169,-128,283,-37,-150,-203,21,24,85
-30,23,-161,-116,-30,-20,-291,-38,-171,-241,11,-172,-263,-322,21,24,86
21,95,-34,-61,72,90,-163,28,-160,-142,27,-61,-113,-172,21,23,87
-322,-242,-360,-316,-326,-230,-283,-319,-170,-222,-304,-388,-243,-311,21,23,88
-316,-252,-275,-163,-352,-229,-222,-276,-168,-210,-271,-316,-190,-259,21,23,89
-54,-26,-48,137,-86,-7,-196,11,-164,-157,-46,-18,-159,-224,20,23,90
-65,-177,-182,-77,-39,-175,-302,-37,-171,-251,-148,-190,-275,-337,20,23,91
145,28,-87,125,262,41,-157,131,-166,-145,78,-136,-132,-179,20,23,92
-275,-220,-377,-136,-205,-193,-273,-291,-170,-217,-234,-416,-256,-308,20,23,93
-329,-264,-280,-258,-388,-244,-254,-302,-170,-238,-294,-321,-236,-288,20,23,94
-6,14,-12,-9,-79,23,-194,57,-167,-166,-17,15,-172,-221,20,23,95
-120,-57,-220,-30,-83,-56,-298,-71,-171,-244,-83,-221,-271,-338,20,23,96
69,140,-155,250,173,143,-171,68,-167,-154,156,-203,-130,-193,20,23,97
-204,-143,-349,-50,-137,-124,-279,-221,-171,-226,-142,-387,-252,-313,20,23,98
-274,-223,-225,-252,-309,-196,-267,-239,-167,-238,-275,-272,-237,-300,20,23,99
-3,26,37,16,-90,36,-182,65,-169,-145,-14,40,-141,-203,20,23,100
-233,-187,-276,-128,-220,-193,-318,-170,-174,-270,-215,-295,-292,-369,20,23,101
-55,64,-212,104,52,69,-198,-23,-164,-184,-9,-253,-165,-223,20,23,102
-114,-1,-283,62,-13,20,-260,-128,-170,-189,-56,-310,-223,-263,20,23,103
-172,-129,-183,-124,-189,-112,-261,-144,-170,-228,-141,-234,-223,-284,20,23,104
11,40,43,23,-38,44,-176,102,-164,-152,4,62,-140,-203,20,23,105
-269,-224,-298,-192,-265,-226,-306,-206,-174,-250,-278,-307,-278,-339,20,23,106
-26,54,-195,24,-54,59,-150,-43,-171,-147,2,-276,-103,-163,21,23,107
90,191,-163,175,76,214,-181,33,-168,-140,140,-193,-146,-201,21,23,108
-32,27,-107,50,1,35,-227,-7,-164,-207,-1,-136,-213,-275,21,23,109
13,42,73,93,18,57,-137,105,-162,-127,14,67,-101,-177,21,23,110
-338,-292,-318,-272,-346,-268,-294,-285,-167,-228,-339,-341,-259,-326,20,23,111
-58,1,-228,-85,-42,-37,-185,-73,-162,-157,-1,-286,-151,-183,20,23,112
181,267,-129,196,205,213,-199,151,-165,-154,270,-140,-159,-211,20,23,113
-42,44,-134,85,11,53,-258,-10,-169,-234,-6,-146,-222,-313,20,23,114
-4,19,35,85,-10,34,-134,77,-167,-117,-29,53,-98,-162,20,23,115
-305,-278,-321,-310,-366,-287,-270,-254,-172,-202,-311,-327,-234,-286,19,23,116
-185,-59,-227,-39,-29,-30,-189,-205,-164,-164,-95,-283,-141,-205,19,24,117
124,143,-54,368,366,181,-178,75,-169,-126,204,-37,-135,-201,19,24,118
47,-93,-91,68,61,-113,-237,64,-177,-193,13,-67,-207,-278,19,24,119
11,3,23,-21,-91,-8,-112,86,-171,-83,-44,49,-80,-138,19,24,120
-375,-263,-344,-293,-373,-237,-267,-329,-174,-184,-356,-345,-236,-294,19,24,121
-125,-120,-235,-47,-56,-115,-207,-171,-168,-179,-67,-279,-168,-229,19,24,122
152,147,-31,194,182,100,-185,132,-170,-141,170,1,-159,-213,19,24,123
-37,-143,-161,-100,-38,-192,-294,-76,-173,-234,-55,-118,-261,-339,19,24,124
159,-106,-51,57,143,-116,-154,17,-162,-132,178,-3,-82,-181,19,24,125
-245,-328,-387,-205,-228,-309,-280,-325,-167,-223,-185,-366,-240,-323,19,24,126
-313,-176,-290,-232,-334,-170,-251,-256,-167,-227,-320,-352,-232,-292,19,24,127
-46,36,-25,-12,-83,8,-206,-16,-167,-160,-82,-32,-171,-234,19,24,243
-121,-109,-253,-181,-113,-140,-339,-129,-167,-279,-105,-250,-322,-376,19,24,243
144,224,-190,105,144,237,-206,176,-163,-187,174,-207,-190,-214,19,24,243
-198,-113,-404,-106,-227,-84,-313,-186,-174,-244,-190,-421,-280,-337,19,24,243
-340,-333,-290,-289,-385,-318,-302,-321,-171,-268,-357,-336,-268,-351,20,24,243
-89,-81,-20,-44,-114,-71,-215,-24,-167,-185,-102,-9,-188,-254,20,24,243
-189,-152,-279,-133,-184,-141,-343,-149,-175,-292,-174,-287,-311,-383,20,24,243
86,166,-227,95,87,182,-219,86,-170,-201,119,-259,-172,-228,20,24,243
-102,-24,-365,-72,-129,0,-289,-129,-169,-227,-77,-370,-249,-308,20,24,243
-238,-221,-214,-193,-252,-220,-272,-205,-167,-241,-229,-239,-231,-309,21,24,243
22,42,80,70,0,51,-162,71,-168,-128,8,122,-109,-185,21,24,243
-176,-126,-264,-137,-184,-112,-302,-148,-171,-237,-173,-245,-252,-341,21,24,243
13,42,-226,70,103,2,-176,51,-165,-159,96,-269,-131,-191,21,24,243
67,105,-230,149,146,76,-222,63,-167,-153,165,-248,-200,-221,22,24,243
-21,31,-103,42,8,59,-249,-57,-161,-195,-4,-146,-220,-269,22,24,243
68,97,111,121,33,128,-142,96,-164,-107,44,104,-97,-176,22,24,243
-265,-236,-298,-214,-287,-235,-288,-193,-170,-228,-256,-307,-267,-341,22,24,243
-74,-4,-218,89,92,-14,-165,-68,-159,-151,-23,-255,-134,-193,22,24,16
121,198,-140,328,305,201,-195,60,-169,-132,180,-132,-144,-210,22,24,17
18,44,-120,63,25,70,-262,-5,-175,-206,36,-124,-218,-286,22,24,18
57,54,57,32,-33,83,-147,72,-169,-111,27,80,-106,-158,22,24,19
-298,-294,-318,-255,-315,-294,-291,-276,-168,-210,-309,-311,-250,-319,23,24,20
-93,-22,-220,30,-10,-12,-189,-93,-162,-157,-45,-262,-132,-214,22,24,21
168,264,-90,333,230,303,-204,137,-166,-143,193,-81,-154,-227,22,24,22
18,67,-132,88,12,84,-285,6,-157,-232,38,-127,-259,-318,22,23,23
-17,18,8,-18,-22,-6,-147,24,-152,-120,84,23,-123,-158,22,24,24
-411,-372,-384,-371,-368,-385,-302,-377,-173,-220,-338,-394,-276,-321,22,24,25
-108,-42,-307,-26,-120,0,-243,-156,-168,-199,-133,-360,-210,-263,22,24,26
222,313,-99,316,135,352,-232,145,-157,-173,225,-94,-204,-250,22,24,27
-68,-14,-184,3,-25,-18,-338,-52,-162,-283,-9,-192,-306,-362,22,24,28
-46,7,-100,69,144,12,-216,-11,-168,-186,-25,-107,-165,-225,22,24,29
-374,-300,-451,-260,-284,-267,-343,-399,-170,-268,-379,-466,-308,-374,22,24,30
-280,-270,-328,-284,-401,-261,-275,-250,-158,-252,-262,-377,-239,-300,22,24,31
-89,-84,-104,-31,-184,-86,-264,44,-158,-210,-53,-83,-215,-273,22,24,32
-169,-110,-280,-100,-111,-106,-400,-132,-161,-324,-134,-280,-358,-427,22,24,33
176,223,-167,168,223,220,-232,76,-157,-201,197,-184,-182,-246,22,24,34
-196,-181,-441,-167,-240,-178,-343,-246,-167,-261,-181,-446,-300,-366,22,24,35
-420,-424,-321,-369,-443,-391,-317,-363,-165,-277,-421,-378,-285,-334,22,24,36
-59,-63,-21,-88,-141,-37,-229,-33,-161,-192,-85,-27,-205,-236,22,24,37
-101,-69,-252,-74,-116,-69,-346,-69,-163,-289,-98,-243,-326,-375,22,24,38
29,109,-186,257,231,124,-204,97,-161,-187,85,-185,-164,-214,22,24,39
-160,-91,-334,46,-5,-62,-277,-141,-165,-214,-114,-335,-233,-287,22,24,40
-156,-142,-162,-162,-226,-111,-240,-162,-162,-214,-167,-209,-194,-259,22,24,41
79,90,109,88,33,115,-153,135,-166,-129,71,128,-113,-167,22,24,42
-136,-93,-234,-38,-88,-86,-314,-73,-171,-250,-124,-220,-281,-338,22,24,43
87,164,-181,193,75,181,-168,76,-162,-140,100,-195,-117,-169,22,25,44
37,122,-244,179,26,153,-213,-6,-165,-154,71,-226,-178,-235,21,25,45
-58,-5,-116,29,-42,6,-231,-44,-168,-208,-34,-139,-206,-274,21,25,46
121,158,151,171,110,167,-132,154,-166,-101,120,159,-90,-135,21,25,47
-156,-104,-212,-94,-142,-89,-267,-142,-167,-196,-144,-208,-230,-278,21,25,48
105,190,-158,67,93,174,-125,81,-163,-110,136,-172,-88,-145,21,25,49
193,296,-141,143,185,290,-180,145,-166,-112,237,-106,-135,-202,22,25,50
44,102,-61,32,62,124,-239,53,-168,-182,76,-70,-176,-255,22,25,51
96,143,156,201,102,174,-118,178,-171,-84,119,163,-55,-121,22,25,52
-234,-164,-256,-103,-237,-141,-271,-176,-174,-200,-206,-230,-248,-301,22,25,53
63,132,-216,54,81,116,-161,26,-165,-142,116,-229,-152,-191,22,25,54
234,327,-166,226,205,303,-210,151,-168,-152,300,-172,-202,-242,22,25,55
-51,31,-189,70,-33,49,-330,-35,-172,-273,-18,-214,-306,-350,22,25,56
-104,-54,-8,110,21,-30,-203,-14,-170,-168,-93,2,-153,-185,22,25,57
-440,-380,-393,-321,-387,-370,-331,-398,-172,-263,-413,-420,-298,-350,22,24,58
-116,-45,-272,-115,-127,-6,-225,-107,-168,-219,-44,-363,-179,-258,22,24,59
298,336,-30,302,303,292,-198,299,-169,-153,373,-36,-135,-208,22,24,60
83,96,-66,79,113,-24,-261,108,-164,-212,97,-40,-231,-272,22,24,61
-32,8,36,12,-26,3,-112,37,-160,-96,-45,66,-91,-116,22,24,62
-388,-326,-375,-303,-398,-266,-292,-334,-174,-216,-355,-385,-264,-322,22,24,63
-158,-61,-306,-27,-52,-63,-269,-150,-171,-225,-53,-356,-233,-293,22,24,63
245,272,-43,404,342,259,-228,231,-169,-169,332,-22,-192,-240,22,23,63
34,-130,-111,68,34,-104,-286,1,-172,-246,33,-113,-259,-320,22,23,63
33,-118,13,-15,69,-102,-109,-35,-162,-104,14,2,-75,-112,22,23,63
-205,-149,-282,-164,-132,-135,-243,-246,-166,-166,-172,-282,-197,-242,22,23,63
-67,33,-165,57,-85,56,-200,-56,-172,-171,-24,-195,-144,-226,22,23,63
128,132,81,147,41,138,-142,165,-171,-96,141,130,-104,-164,22,23,63
-268,-288,-105,-426,-247,-289,-269,-191,-168,-201,-279,-67,-246,-288,22,23,63
-160,-140,5,-240,-47,-129,-109,-95,-164,-96,-174,-3,-52,-121,22,23,63
-180,-110,-225,-57,-110,-80,-213,-187,-168,-143,-153,-226,-154,-233,22,23,63
55,126,-89,113,13,157,-185,19,-162,-136,93,-95,-148,-184,22,23,63
274,304,206,281,212,321,-90,274,-160,-45,270,266,-52,-81,21,23,63
-303,-322,-97,-202,-264,-308,-232,-233,-166,-169,-331,-65,-195,-257,22,23,63
-240,-234,-58,-152,-165,-209,-98,-184,-162,-78,-237,-73,-61,-114,22,23,63
-66,0,-183,-129,-41,41,-186,-129,-165,-118,-28,-179,-154,-219,22,23,63
142,222,-48,30,151,254,-185,89,-163,-141,174,-54,-139,-209,21,23,63
276,296,219,312,217,308,-82,280,-163,-27,261,272,-38,-61,21,24,63
-210,-313,-148,-210,-337,-274,-244,-261,-169,-156,-306,-123,-214,-250,21,24,81
-20,-135,-108,-162,-72,-96,-116,-112,-164,-88,-131,-134,-72,-140,21,24,82
141,112,-147,40,193,46,-176,82,-165,-105,75,-127,-144,-201,21,24,83
105,94,-49,73,140,2,-203,102,-164,-156,65,-43,-177,-219,21,24,84
185,211,183,202,103,228,-93,191,-164,-55,179,220,-52,-101,21,24,85
-183,-105,-219,-133,-215,-55,-258,-150,-167,-180,-152,-193,-229,-296,21,24,86
68,114,-147,153,223,115,-134,126,-158,-101,102,-159,-92,-154,21,24,87
218,228,-106,371,378,228,-189,212,-157,-99,259,-85,-138,-196,21,24,88
49,53,-106,129,61,65,-264,6,-159,-204,95,-110,-233,-282,21,24,89
53,91,78,56,-15,100,-121,65,-162,-100,54,106,-98,-124,21,23,90
-316,-239,-333,-261,-319,-221,-291,-254,-167,-201,-330,-301,-267,-310,21,23,91
-33,17,-275,100,46,27,-223,-9,-159,-168,12,-279,-177,-242,21,23,92
213,266,-123,436,314,304,-224,208,-161,-164,291,-97,-189,-253,21,23,93
-20,56,-129,63,14,79,-291,-21,-167,-252,18,-145,-277,-324,21,23,94
0,54,1,-97,-59,28,-157,-18,-161,-130,-19,6,-123,-147,21,24,95
-337,-301,-390,-338,-352,-295,-303,-327,-161,-225,-360,-369,-271,-315,21,24,96
-94,-29,-257,7,-71,-9,-201,-78,-162,-189,-33,-285,-178,-233,21,24,97
248,327,-19,262,269,316,-188,255,-167,-142,341,-3,-159,-207,21,24,98
45,20,-99,-166,50,-8,-299,55,-168,-237,57,-94,-255,-316,21,24,99
115,20,34,-120,71,-9,-116,70,-163,-97,93,44,-65,-116,21,24,100
-173,-179,-302,-184,-196,-187,-228,-221,-167,-165,-145,-281,-200,-251,21,24,101
-99,16,-179,17,-59,43,-175,-27,-165,-158,-78,-192,-142,-195,21,24,102
112,157,106,238,91,157,-135,137,-165,-96,86,148,-91,-137,21,24,103
-242,-339,-62,-194,-349,-373,-260,-293,-166,-200,-295,-52,-231,-283,21,24,104
-171,-225,-9,-153,-231,-210,-107,-135,-164,-80,-217,-10,-73,-118,21,24,105
-213,-147,-286,-150,-190,-109,-229,-178,-171,-152,-201,-275,-193,-240,21,24,106
16,50,-118,58,68,53,-185,-52,-167,-166,64,-168,-145,-188,22,24,107
160,185,180,216,164,200,-95,158,-165,-73,165,197,-68,-102,22,24,108
-254,-258,-97,-330,-408,-220,-245,-236,-166,-180,-307,-60,-231,-275,21,24,109
-21,-118,-47,-230,-232,-96,-114,-178,-158,-81,-45,-46,-73,-124,21,24,110
-26,-71,-219,-79,-62,-63,-211,-171,-163,-143,16,-232,-178,-241,21,24,111
-4,94,-80,109,85,107,-194,24,-162,-175,35,-94,-174,-224,21,24,112
156,182,190,227,138,207,-111,185,-161,-76,146,210,-69,-105,21,24,113
-208,-378,-169,-372,-313,-373,-277,-238,-166,-201,-266,-157,-245,-304,21,24,114
17,-88,-143,-217,-22,-125,-136,-26,-161,-108,-24,-69,-110,-166,21,24,115
65,156,-224,45,106,134,-219,17,-162,-140,99,-137,-184,-235,21,24,116
-19,55,-102,149,16,76,-243,-22,-161,-206,8,-123,-195,-252,21,24,117
62,70,150,144,17,80,-136,114,-163,-108,27,136,-85,-131,21,24,118
-230,-192,-267,-354,-266,-204,-314,-195,-167,-239,-256,-254,-286,-341,21,24,119
61,163,-237,61,149,176,-179,74,-160,-167,84,-181,-156,-218,21,24,120
152,259,-201,375,253,285,-215,133,-163,-167,182,-98,-206,-250,21,24,121
-21,42,-121,56,-37,40,-277,-19,-164,-236,-29,-122,-255,-282,21,23,122
-18,14,70,1,-74,15,-166,46,-161,-128,-55,56,-116,-142,21,23,123
-346,-309,-349,-255,-356,-297,-326,-306,-163,-248,-372,-336,-298,-349,21,23,124
32,95,-246,15,14,93,-184,-22,-159,-186,48,-277,-168,-228,21,23,125
308,406,-116,248,244,403,-204,225,-161,-156,331,-92,-177,-227,21,23,126
14,90,-114,106,19,90,-301,46,-161,-228,-4,-111,-254,-288,21,23,127
-38,-21,65,99,-15,-21,-142,25,-159,-107,-87,69,-77,-112,21,23,243
-317,-286,-325,-263,-336,-269,-276,-314,-161,-214,-340,-304,-235,-304,21,23,243
-23,53,-221,21,49,64,-181,9,-156,-167,35,-258,-153,-212,21,23,243
288,250,-25,415,403,228,-186,367,-165,-129,338,-8,-152,-190,21,23,243
24,-115,-85,63,60,-145,-286,80,-165,-229,60,-60,-250,-287,21,23,243
-26,-45,55,-45,11,-30,-97,3,-157,-84,63,90,-62,-83,21,23,243
-288,-209,-314,-256,-251,-167,-240,-255,-165,-173,-248,-275,-216,-258,21,23,243
3,26,-200,66,-39,19,-196,1,-167,-172,-37,-208,-155,-217,21,23,243
295,309,74,236,180,232,-149,203,-166,-102,268,106,-107,-146,21,23,243
-130,-119,-51,-330,-135,-163,-252,-175,-165,-199,-135,-35,-232,-266,21,24,243
-134,-151,23,-223,-20,-112,-92,-86,-161,-89,-154,41,-66,-116,21,24,243
-214,-177,-299,-133,-161,-138,-225,-194,-162,-167,-238,-266,-203,-266,21,24,243
25,72,-151,54,-28,79,-184,-6,-163,-155,36,-130,-144,-191,21,24,243
102,128,126,99,42,156,-133,103,-165,-80,118,176,-81,-112,21,24,243
-374,-409,-116,-338,-329,-392,-286,-284,-162,-222,-372,-96,-261,-312,20,24,243
-126,-218,-57,-42,-2,-236,-129,-14,-163,-121,-100,-1,-107,-164,20,24,243
-100,-117,-306,-3,-35,-122,-256,-71,-170,-179,-52,-230,-226,-281,20,24,243
-82,6,-193,-77,-163,38,-261,-104,-163,-215,-115,-154,-216,-261,20,24,16
-4,28,78,23,-66,69,-177,32,-164,-142,-71,89,-150,-167,20,24,17
-219,-300,-237,-280,-175,-293,-327,-153,-170,-276,-207,-209,-332,-357,20,24,18
175,167,-186,-10,172,150,-174,159,-160,-170,212,-20,-161,-207,20,24,19
35,125,-336,23,-3,131,-278,-22,-160,-215,51,-178,-258,-311,20,24,20
-181,-150,-199,-112,-217,-118,-294,-184,-166,-277,-206,-246,-270,-298,20,24,21
-61,-59,65,-24,-107,-41,-181,-5,-169,-173,-106,28,-141,-159,20,24,22
-260,-208,-309,-219,-269,-215,-356,-184,-164,-297,-266,-265,-335,-385,20,24,23
113,200,-210,120,110,212,-214,125,-160,-216,126,-173,-212,-254,20,24,24
106,200,-237,130,94,232,-274,62,-168,-237,114,-189,-261,-293,20,23,25
-119,-95,-190,-103,-136,-98,-309,-121,-167,-292,-132,-184,-266,-291,20,23,26
-79,-50,61,-9,-93,-42,-173,-16,-167,-156,-106,22,-113,-128,20,23,27
-346,-280,-338,-277,-355,-258,-352,-284,-175,-280,-361,-337,-319,-363,20,23,28
54,37,-297,55,60,-2,-228,63,-170,-216,79,-188,-209,-256,21,23,29
280,261,-205,288,270,213,-248,231,-170,-195,322,-28,-224,-251,21,23,30
-69,4,-132,14,-59,34,-285,-57,-169,-270,-61,-148,-247,-274,21,23,31
-96,-64,71,-20,-107,-28,-129,-16,-164,-147,-120,4,-72,-104,21,23,32
-290,-290,-328,-284,-314,-294,-306,-239,-169,-246,-290,-301,-276,-316,21,23,33
-27,90,-229,115,70,105,-177,-14,-169,-167,14,-224,-160,-205,21,23,34
229,362,-40,479,364,394,-164,248,-168,-127,264,-6,-132,-171,21,23,35
105,55,-48,101,120,50,-251,110,-169,-224,79,-52,-217,-237,21,23,36
107,2,110,-8,44,5,-73,46,-170,-88,39,85,-38,-59,21,23,37
-246,-233,-290,-192,-258,-203,-232,-282,-172,-189,-270,-279,-212,-265,21,24,38
26,141,-185,115,94,140,-169,77,-172,-163,96,-220,-147,-189,21,24,39
354,376,61,330,340,295,-146,304,-174,-112,449,63,-118,-137,21,24,40
-65,-137,-30,-108,-159,-228,-254,-151,-171,-221,-48,-35,-215,-255,21,24,41
-131,-146,63,-108,-185,-152,-90,-91,-169,-88,-166,64,-42,-92,21,24,42
-264,-212,-302,-204,-253,-164,-236,-214,-172,-175,-254,-298,-223,-274,21,24,43
22,80,-160,59,64,42,-180,-19,-164,-171,68,-178,-149,-193,21,24,44
159,233,128,305,202,136,-127,124,-162,-93,195,146,-58,-99,21,24,45
-340,-325,-66,-192,-333,-353,-258,-287,-170,-210,-327,-63,-215,-258,21,24,46
-208,-237,1,-175,-241,-208,-101,-154,-171,-94,-208,45,-84,-110,21,24,47
-166,-132,-276,-163,-177,-125,-239,-175,-170,-171,-161,-234,-225,-271,21,24,48
-18,65,-142,71,45,71,-198,-20,-164,-192,36,-150,-161,-219,21,24,49
77,117,145,227,171,137,-124,78,-165,-104,168,111,-78,-102,21,23,50
-271,-293,-128,-371,-286,-306,-290,-371,-171,-225,-237,-114,-265,-287,21,23,51
7,18,-92,-245,-96,6,-126,-155,-170,-120,8,110,-116,-141,21,23,52
-37,41,-289,-30,-30,52,-236,-83,-173,-177,4,-115,-234,-261,21,23,53
-62,4,-119,109,24,7,-222,-18,-169,-200,2,-212,-187,-228,21,23,54
99,116,194,140,99,106,-104,124,-167,-84,107,129,-48,-81,21,23,55
-253,-316,-160,-378,-327,-291,-282,-237,-172,-217,-333,-127,-246,-275,21,23,56
20,-52,-95,-119,-46,13,-115,-13,-170,-110,-50,-86,-78,-125,21,23,57
154,201,-132,51,131,239,-154,64,-169,-107,186,-74,-117,-185,21,23,58
143,245,3,82,199,209,-166,137,-172,-144,195,14,-116,-170,21,23,59
195,230,255,246,195,208,-51,239,-172,-35,177,245,12,-26,21,23,60
-230,-278,-150,-167,-349,-222,-217,-274,-166,-173,-282,-122,-189,-243,21,23,61
50,-92,-80,36,-35,-37,-73,-45,-164,-81,-14,-64,-50,-91,21,23,62
258,92,-47,144,200,92,-128,191,-168,-69,178,28,-92,-117,21,23,63
119,30,4,-17,50,20,-171,134,-162,-150,55,46,-129,-162,21,24,63
148,188,204,182,122,185,-38,199,-161,-42,142,223,10,-20,21,24,63
-127,-45,-204,0,-78,-74,-224,-123,-170,-161,-103,-174,-195,-243,21,24,63
178,142,-112,193,250,104,-93,147,-163,-80,157,-54,-63,-123,21,24,63
335,153,5,252,292,156,-122,309,-161,-67,243,54,-76,-122,21,24,63
66,-76,5,-68,-53,-57,-204,93,-166,-172,-33,-63,-146,-178,21,24,63
85,110,158,48,33,105,-36,114,-163,-48,63,153,15,-22,21,24,63
-187,-111,-272,-67,-107,-130,-220,-177,-165,-177,-147,-196,-202,-274,20,24,63
26,69,-157,80,100,82,-137,68,-160,-146,59,-145,-114,-180,20,24,63
210,272,73,117,110,290,-121,264,-155,-88,222,55,-79,-116,20,24,63
-75,-70,-3,-267,-271,-74,-228,-37,-158,-192,-99,-69,-184,-218,20,24,63
-49,-77,81,-128,-114,-76,-79,-34,-166,-90,-82,52,-35,-73,19,25,63
-249,-210,-305,-139,-150,-208,-237,-217,-172,-194,-237,-247,-209,-270,19,25,63
45,75,-145,73,66,59,-145,80,-165,-145,84,-112,-98,-169,19,25,63
275,259,141,123,131,232,-92,213,-165,-63,317,139,-32,-80,19,25,63
-165,-197,-8,-378,-313,-213,-220,-253,-164,-180,-138,-92,-175,-206,19,25,63
-93,-113,85,-154,-138,-121,-61,-87,-161,-59,-101,46,8,-43,19,25,63
-146,-125,-228,-59,-115,-137,-207,-97,-169,-151,-167,-153,-142,-236,19,24,81
46,89,-117,57,74,72,-153,18,-168,-160,91,-57,-121,-184,19,24,82
99,154,138,96,147,150,-92,64,-163,-74,205,126,-73,-68,20,24,83
-358,-393,-98,-382,-269,-398,-267,-269,-164,-222,-322,-73,-242,-254,20,24,84
-99,-210,-61,-165,-18,-234,-140,2,-166,-140,-137,144,-107,-154,20,23,85
-129,-170,-373,-142,-85,-185,-305,-136,-170,-230,-139,-198,-294,-335,20,23,86
-172,-67,-240,-111,-162,-73,-273,-186,-171,-271,-137,-307,-257,-278,20,23,87
-53,43,79,107,-30,40,-149,-8,-174,-162,-33,43,-109,-121,20,23,88
-241,-278,-233,-212,-224,-255,-334,-237,-176,-287,-257,-175,-299,-330,20,23,89
182,159,-119,12,151,195,-151,104,-169,-157,173,-59,-123,-173,21,24,90
156,221,-182,82,143,237,-178,83,-168,-155,186,-113,-165,-227,21,24,91
-33,-1,-75,68,18,-29,-185,-38,-172,-192,2,-62,-147,-186,21,24,92
131,100,197,138,102,86,-87,136,-173,-76,112,184,-14,-37,21,24,93
-115,-170,-153,-322,-198,-129,-247,-146,-167,-185,-182,-113,-196,-256,21,24,94
93,27,-110,-53,139,75,-78,36,-160,-72,47,37,-61,-108,21,24,95
167,86,-126,187,299,119,-137,131,-167,-84,153,59,-130,-146,21,24,96
164,102,0,107,204,127,-162,148,-165,-150,142,7,-117,-153,21,24,97
205,211,246,186,177,204,-21,201,-157,-26,187,231,37,-2,21,24,98
-256,-220,-167,-175,-241,-263,-224,-224,-163,-155,-241,-116,-204,-235,21,24,99
-7,10,-96,7,40,-5,-90,38,-164,-65,19,-39,-65,-101,21,24,100
120,197,-35,172,174,225,-112,212,-157,-49,142,65,-72,-110,21,24,101
-100,-18,2,30,-38,-5,-173,38,-159,-153,-83,49,-120,-160,21,24,102
111,95,215,145,111,73,-12,145,-164,-29,106,194,41,4,21,25,103
-82,-106,-229,-127,-94,-137,-217,-127,-165,-152,-94,-220,-197,-245,21,25,104
75,134,-166,85,108,144,-151,93,-158,-116,92,-61,-121,-164,20,25,105
232,313,-17,298,207,317,-162,287,-161,-101,252,177,-119,-143,20,25,106
40,84,-78,-53,-106,71,-240,63,-161,-216,30,2,-196,-227,20,24,107
6,44,51,-120,-107,81,-84,12,-158,-93,9,30,-29,-76,20,24,108
-307,-287,-347,-302,-291,-254,-281,-320,-164,-217,-289,-355,-258,-322,20,24,109
-1,26,-226,41,57,-41,-213,-31,-157,-207,-2,-171,-186,-240,20,24,110
293,352,-21,250,263,265,-189,230,-154,-158,304,92,-126,-159,20,24,111
18,45,-118,2,12,47,-296,23,-163,-265,41,-73,-254,-269,20,24,112
36,73,12,217,140,107,-134,87,-160,-142,46,69,-120,-134,20,23,113
-306,-234,-378,-149,-237,-241,-318,-316,-158,-267,-298,-286,-298,-361,20,23,114
-180,-209,-261,-261,-197,-233,-259,-118,-159,-278,-178,-311,-216,-282,20,23,115
45,-12,-70,53,72,-8,-197,224,-163,-197,54,-80,-161,-176,20,23,116
-95,-71,-220,-8,-36,-66,-369,-23,-163,-330,-81,-156,-338,-352,21,23,117
217,225,22,187,211,211,-218,145,-163,-220,217,65,-178,-221,21,23,118
-116,-157,-313,-149,-150,-161,-336,-162,-171,-296,-118,-284,-322,-376,21,23,119
-389,-349,-323,-293,-322,-352,-258,-305,-165,-289,-363,-331,-240,-271,21,23,120
-55,-36,55,-63,-39,-45,-139,-11,-157,-153,-47,23,-90,-96,21,23,121
-10,-167,-116,-199,-187,-140,-293,-117,-160,-260,-79,-104,-252,-261,22,23,122
186,68,-98,157,30,121,-123,35,-159,-129,125,72,-95,-116,22,23,123
-25,38,-241,166,38,58,-216,-44,-160,-154,13,-75,-193,-234,22,23,124
7,74,-44,40,90,54,-166,42,-160,-161,56,-74,-125,-167,22,23,125
167,152,226,128,122,143,-48,197,-156,-47,156,215,21,-11,23,23,126
-300,-333,-137,-184,-272,-304,-249,-215,-157,-188,-316,-67,-195,-236,23,23,127
-46,-92,-76,44,44,-35,-68,-15,-155,-68,-60,26,-49,-79,23,23,243
191,122,-95,103,130,156,-106,142,-157,-60,139,46,-105,-128,23,24,243
221,172,31,45,103,152,-115,211,-155,-89,182,69,-88,-112,23,24,243
260,275,304,277,288,266,23,271,-156,38,273,307,62,57,23,24,243
-164,-173,-49,-3,-50,-137,-131,-163,-165,-74,-154,36,-116,-143,23,24,243
-17,-100,23,-13,6,-71,9,-28,-154,35,-25,84,29,-24,23,24,243
-38,-21,27,-106,-74,-20,-59,-124,-153,21,-18,-13,-33,-72,23,24,243
-104,-19,80,-105,-90,-22,-89,-168,-166,-60,-80,-29,-56,-67,23,24,243
280,266,266,275,311,252,33,281,-160,50,262,322,65,71,23,24,243
70,19,-193,11,169,-7,-187,1,-157,-111,114,-65,-191,-218,23,24,243
51,93,-140,124,200,92,-77,25,-162,-63,202,-118,-76,-114,23,24,243
64,137,-32,311,48,145,-113,195,-162,-67,97,6,-107,-107,23,24,243
-75,-107,-36,11,-213,-148,-189,62,-155,-179,-206,-44,-184,-166,23,24,243
66,-25,110,-32,126,-83,-55,27,-154,-62,61,98,-30,-11,23,24,243
-144,-212,-291,-231,135,-257,-223,-236,-162,-165,15,-245,-228,-225,23,24,243
39,22,-159,95,166,-21,-101,102,-161,-106,88,-133,-115,-117,23,24,243
213,217,42,413,-39,195,-122,397,-162,-93,107,80,-94,-88,23,24,243
-76,-95,-6,10,-296,61,-191,79,-166,-190,-158,-63,-170,-148,23,24,16
19,-85,132,-111,141,161,2,4,-157,-44,47,87,-5,30,23,24,17
-119,-279,-250,-237,159,-268,-172,-219,-157,-143,-6,-198,-173,-182,23,24,18
59,73,-126,87,231,-123,-95,73,-159,-105,87,-112,-79,-89,23,24,19
183,384,125,266,137,225,-82,268,-156,-68,100,136,-81,-38,23,24,20
-204,-94,-11,-265,-325,19,-190,-148,-157,-186,-279,-41,-199,-162,23,25,21
-87,-121,77,-216,-5,168,-25,-95,-151,-55,-73,53,-22,-4,23,25,22
-116,-188,-243,-158,164,-139,-166,-166,-158,-148,-52,-211,-186,-177,23,25,23
95,-2,-81,50,317,-239,-81,21,-159,-121,139,-85,-90,-74,23,25,24
205,94,210,161,261,-59,-46,171,-157,-43,222,257,-30,10,23,25,25
-293,-421,-16,-328,-226,-165,-159,-243,-167,-164,-294,9,-160,-152,23,25,26
-137,-264,64,-175,21,164,25,-108,-165,-39,-122,57,25,2,23,25,27
-27,-86,-144,-90,92,31,-128,-77,-169,-109,-14,-120,-122,-136,22,25,28
244,141,24,74,240,-125,-74,153,-171,-99,235,15,-70,-59,22,25,29
291,190,307,247,404,91,17,253,-164,-2,289,347,13,42,22,25,30
-311,-344,-5,-188,-27,-102,-126,-275,-169,-125,-306,20,-138,-126,22,24,31
-72,-152,75,-51,76,53,58,-73,-169,8,-67,65,61,58,22,24,32
57,-61,5,-62,77,69,-21,-9,-172,-18,44,16,-13,-30,22,24,33
114,52,175,113,320,174,4,130,-172,-41,91,162,5,2,22,24,34
415,333,421,467,596,248,92,401,-166,51,423,452,89,111,22,24,35
136,-31,30,-38,76,-284,-71,-34,-174,-73,147,88,-66,-77,22,24,36
116,-8,98,-58,80,-56,86,6,-174,39,87,142,113,87,21,24,37
-16,-97,105,31,116,181,21,19,-178,12,-41,77,29,16,21,24,38
50,-84,214,89,213,123,15,76,-177,-40,66,136,14,4,21,24,39
477,362,424,424,570,215,121,429,-168,81,490,474,132,137,21,24,40
262,211,9,213,331,-25,-52,190,-175,-39,225,93,-58,-58,21,25,41
166,143,87,151,244,237,86,104,-171,33,114,117,92,75,21,25,42
-3,-55,181,-73,17,171,51,-36,-170,33,5,163,61,43,21,25,43
20,-88,249,-142,-19,-114,32,27,-176,-9,25,166,22,27,21,25,44
515,404,441,473,610,236,170,489,-169,125,495,474,158,182,21,25,45
305,241,21,388,556,138,7,235,-170,-5,327,118,-6,-14,21,25,46
210,146,87,176,310,56,100,128,-168,36,240,99,111,88,22,25,47
97,1,203,69,162,-65,34,50,-167,37,91,250,44,37,22,25,48
-111,-230,152,-102,37,-252,-44,-65,-169,-62,-144,186,-59,-65,22,25,49
208,117,289,206,312,26,105,250,-167,48,185,307,102,80,22,25,50
98,35,-86,132,244,-89,-45,52,-174,-55,115,-50,-46,-83,22,25,51
173,89,37,125,301,-19,55,95,-167,-9,199,54,46,40,22,25,52
170,87,275,178,252,61,54,134,-165,28,172,284,45,49,22,25,53
-175,-266,184,-107,-69,-239,-48,-134,-175,-63,-203,127,-44,-60,22,25,54
145,41,262,118,242,-20,111,162,-169,60,117,281,114,113,22,25,55
133,46,-93,75,220,-110,-29,71,-170,-50,129,-6,-43,-58,22,25,56
98,26,35,150,300,-74,3,68,-173,-50,128,13,14,-18,22,25,57
249,156,267,213,300,65,9,218,-177,-6,237,292,28,4,22,25,58
-39,-164,47,-292,-246,-306,-103,-78,-183,-129,-141,115,-103,-135,22,25,59
6,-77,128,-92,-44,-177,57,34,-170,-9,-58,173,69,36,22,25,60
-45,-71,-90,71,125,-152,-48,-15,-169,-67,-15,-57,-44,-82,22,25,61
130,114,51,182,220,63,-12,90,-171,-81,154,24,-22,-56,22,25,62
290,237,273,283,325,107,3,288,-175,-25,277,319,-2,-20,22,25,63
-228,-330,-28,-253,-155,-349,-140,-127,-180,-148,-263,31,-137,-164,22,24,63
-164,-234,25,-191,-137,18,25,-125,-164,-50,-205,29,29,6,22,24,63
-109,-113,-166,-96,-74,17,-112,-161,-167,-115,-117,-160,-125,-144,22,24,63
32,24,-64,40,158,-163,-140,27,-169,-152,59,-78,-140,-161,22,24,63
148,87,200,163,221,-60,-43,193,-168,-69,130,242,-30,-52,22,24,63
-195,-278,-141,-341,-403,-231,-172,-191,-176,-195,-298,-126,-179,-206,21,25,63
172,128,-98,-120,-125,134,-32,110,-166,-109,100,-135,-40,-55,21,25,63
166,171,-138,101,170,79,-113,123,-165,-135,201,-148,-120,-139,21,25,63
-49,-57,4,16,119,-139,-148,-28,-162,-175,-8,-40,-146,-169,21,25,63
95,15,245,81,132,-92,-40,142,-156,-76,64,217,-37,-48,21,25,63
-200,-263,-158,-207,-172,-346,-172,-163,-165,-198,-215,-217,-190,-213,21,25,63
10,61,-101,85,193,31,-56,22,-160,-120,97,-194,-63,-77,21,25,63
-94,-94,-251,-24,40,-144,-200,-136,-173,-206,-69,-193,-203,-230,21,23,18
-11,-182,-171,-13,324,-374,-182,-70,-186,-226,81,-119,-203,-187,26,25,18
-74,-100,-81,-106,229,-163,-92,-89,-176,-163,-50,-97,-112,-97,26,25,18
-377,-437,-280,-415,-4,-552,-215,-367,-179,-236,-358,-323,-232,-229,26,25,18
-247,-444,-295,-256,101,-706,-254,-315,-170,-284,-186,-320,-270,-273,26,26,18
-222,-433,-283,-296,148,-701,-268,-184,-165,-283,-196,-203,-285,-285,26,26,18
-640,-741,-591,-693,-269,-928,-398,-587,-170,-401,-602,-614,-436,-428,25,26,18
-372,-413,-521,-229,-119,-614,-325,-556,-158,-363,-274,-688,-359,-348,25,26,18
-597,-728,-651,-500,-346,-948,-420,-737,-163,-406,-558,-826,-446,-448,25,26,18
-835,-982,-659,-941,-503,-1200,-447,-720,-156,-446,-838,-768,-491,-482,25,25,18
-645,-857,-554,-751,-332,-1104,-395,-492,-147,-410,-689,-568,-447,-423,25,25,18
-899,-1036,-780,-891,-612,-1258,-485,-814,-161,-481,-912,-881,-520,-517,24,25,18
-788,-663,-636,-676,-419,-860,-379,-701,-156,-411,-608,-819,-389,-395,24,25,18
-765,-651,-668,-680,-401,-852,-428,-681,-156,-431,-583,-820,-443,-446,24,25,16
-765,-960,-676,-831,-500,-1142,-469,-715,-152,-476,-801,-786,-488,-495,24,25,17
-677,-919,-517,-814,-415,-1137,-401,-513,-150,-421,-755,-551,-403,-417,24,24,18
-983,-1061,-746,-1028,-721,-1273,-479,-820,-161,-485,-956,-863,-491,-505,24,24,19
-769,-838,-646,-676,-544,-899,-381,-803,-152,-413,-750,-831,-396,-398,24,24,20
-598,-701,-635,-452,-365,-726,-421,-691,-156,-415,-592,-745,-424,-432,24,24,21
-742,-825,-656,-725,-428,-1031,-469,-650,-157,-479,-698,-744,-475,-487,24,24,22
-644,-792,-449,-725,-394,-1061,-374,-443,-152,-399,-680,-516,-368,-380,24,24,23
-924,-1080,-653,-977,-775,-1226,-467,-804,-162,-443,-990,-785,-443,-475,24,24,24
-797,-839,-614,-769,-545,-946,-397,-810,-156,-408,-725,-767,-382,-399,24,24,25
-489,-425,-585,-329,-130,-622,-393,-558,-158,-395,-317,-638,-415,-393,24,25,26
-593,-645,-605,-495,-305,-828,-428,-526,-162,-436,-558,-670,-454,-437,24,25,27
-558,-727,-390,-613,-338,-811,-322,-379,-155,-352,-609,-455,-321,-331,24,25,28
-813,-940,-588,-860,-605,-1012,-414,-725,-161,-403,-808,-697,-415,-424,25,25,29
-735,-767,-513,-662,-514,-925,-347,-663,-156,-373,-701,-645,-347,-353,25,25,30
-387,-390,-397,-259,-126,-595,-308,-319,-154,-337,-379,-409,-306,-331,25,25,31
-412,-434,-481,-345,-128,-578,-361,-354,-156,-381,-336,-490,-364,-391,25,25,32
-389,-394,-313,-291,-152,-435,-262,-298,-157,-297,-232,-365,-260,-264,25,25,33
-682,-689,-460,-562,-476,-746,-336,-601,-168,-343,-584,-563,-346,-353,25,25,34
-539,-639,-372,-540,-301,-802,-279,-468,-165,-330,-535,-475,-289,-314,26,25,35
-159,-276,-277,-181,111,-439,-247,-136,-170,-294,-111,-249,-257,-278,26,25,36
-365,-386,-476,-278,-123,-480,-338,-335,-173,-364,-289,-456,-363,-374,26,26,37
-356,-287,-307,-159,-145,-381,-231,-287,-162,-283,-294,-344,-241,-244,26,26,38
-506,-473,-354,-346,-304,-567,-275,-457,-171,-300,-433,-432,-269,-279,26,26,39
-308,-422,-255,-369,-109,-517,-234,-287,-174,-285,-265,-311,-223,-255,26,26,40
95,8,-97,97,281,-145,-171,108,-176,-216,140,6,-168,-198,26,26,41
-159,-169,-255,-41,33,-291,-231,-147,-180,-268,-89,-204,-243,-252,26,26,42
-184,-251,-119,-194,24,-275,-130,-183,-171,-198,-162,-177,-125,-133,26,26,43
-301,-394,-242,-311,-97,-431,-210,-300,-179,-235,-295,-277,-207,-227,26,26,44
-152,-248,-223,-116,120,-396,-201,-160,-180,-255,-119,-209,-215,-235,26,25,45
205,130,-24,258,502,-77,-119,180,-175,-183,250,81,-121,-147,26,25,46
-141,-216,-196,-98,117,-364,-203,-148,-177,-244,-124,-168,-206,-230,26,25,47
-168,-292,-73,-188,93,-340,-101,-189,-169,-184,-153,-158,-113,-115,26,25,48
-120,-221,-114,-124,73,-265,-135,-196,-177,-190,-81,-184,-157,-165,25,25,49
50,-41,-98,47,247,-197,-144,-45,-178,-206,90,-91,-167,-186,25,25,50
357,278,103,365,577,101,-54,274,-172,-123,398,204,-60,-79,25,25,51
-39,-124,-92,-27,188,-218,-138,-101,-182,-180,-14,-93,-141,-172,25,25,52
-51,-169,7,-19,208,-286,-51,-114,-182,-125,-22,-68,-53,-92,25,25,53
114,11,30,73,163,-113,-73,32,-181,-117,157,50,-69,-115,25,25,54
238,156,42,100,182,53,-98,150,-177,-147,281,132,-90,-133,25,25,55
424,362,182,428,598,239,-20,345,-179,-76,474,313,-23,-40,25,25,56
-81,-166,-110,9,190,-265,-142,-131,-188,-164,-53,-90,-157,-183,24,25,57
-123,-239,-60,-137,-2,-328,-107,-167,-176,-152,-120,-83,-80,-139,24,25,58
121,30,-19,121,227,-62,-131,51,-178,-139,145,58,-93,-142,24,25,59
151,86,-65,215,330,-16,-152,75,-181,-174,199,-14,-161,-175,24,25,60
265,209,98,316,384,111,-45,195,-172,-106,296,130,-61,-74,24,25,61
-142,-224,-119,-129,-6,-308,-151,-201,-183,-171,-137,-142,-145,-180,24,25,62
-62,-145,-31,-36,122,-229,-90,-125,-181,-127,-25,-74,-76,-101,24,25,63
270,220,51,273,349,132,-80,177,-182,-98,313,138,-72,-89,24,26,63
206,148,-43,105,185,48,-141,112,-185,-162,211,57,-132,-172,24,26,63
281,221,144,249,352,119,-16,212,-180,-71,299,203,1,-46,24,26,63
-45,-110,-33,24,115,-195,-89,-104,-184,-111,-11,-32,-79,-123,23,26,63
60,-14,19,89,200,-88,-57,-30,-178,-105,97,23,-47,-83,24,26,63
373,335,119,425,488,255,-48,274,-179,-85,436,243,-36,-77,24,26,63
132,113,-59,177,199,21,-141,96,-177,-170,190,64,-135,-195,24,26,63
121,84,38,133,161,-4,-45,106,-167,-108,147,127,-45,-87,24,26,63
-139,-213,-136,-111,-34,-276,-134,-203,-174,-161,-120,-144,-149,-177,23,26,63
-48,-118,-92,-56,69,-164,-129,-135,-173,-177,4,-138,-142,-184,23,25,63
288,281,29,333,408,224,-92,230,-172,-128,369,166,-102,-134,23,25,63
-1,-2,-162,89,122,-71,-175,-15,-177,-188,52,-51,-201,-208,23,25,63
-66,-93,-47,-22,10,-151,-82,-71,-176,-134,-31,-88,-110,-118,23,25,63
-228,-260,-169,-212,-145,-308,-150,-243,-184,-183,-175,-239,-179,-212,23,25,63
-59,-76,-105,-41,69,-136,-125,-81,-175,-183,19,-111,-146,-187,23,25,63
331,342,96,420,461,269,-53,293,-171,-107,416,203,-56,-88,23,25,63
16,-4,-85,72,95,-74,-135,-17,-185,-173,64,-43,-149,-173,23,25,63
-14,-55,36,-20,33,-116,-25,-40,-181,-105,18,10,-42,-64,23,25,81
-36,-51,-29,16,23,-101,-87,-66,-179,-119,16,-11,-80,-129,23,26,82
89,94,-29,176,185,43,-116,65,-175,-151,165,51,-93,-160,23,26,83
354,379,114,472,465,309,-53,343,-173,-97,437,270,-44,-92,23,26,84
-89,-86,-128,-19,-34,-161,-153,-91,-176,-173,-48,-104,-175,-208,23,25,85
-144,-160,-38,-121,-101,-217,-69,-157,-168,-129,-108,-124,-92,-116,23,25,86
-87,-81,-100,-5,-13,-127,-136,-96,-177,-156,-13,-89,-145,-172,23,25,87
-53,-37,-168,32,24,-90,-204,-49,-179,-213,21,-102,-212,-241,23,25,88
149,166,2,231,203,109,-110,135,-170,-145,200,72,-127,-145,23,25,89
-279,-290,-222,-228,-265,-340,-184,-274,-176,-212,-253,-262,-217,-245,23,25,90
-282,-317,-158,-281,-274,-360,-121,-260,-176,-175,-257,-246,-142,-183,23,25,91
-67,-84,-136,-37,-30,-130,-156,-83,-180,-169,-20,-118,-166,-204,23,25,92
-27,-23,-171,14,34,-71,-194,-61,-179,-219,23,-128,-213,-241,23,25,93
102,113,-7,160,128,64,-97,99,-174,-148,135,36,-112,-140,23,25,94
-350,-393,-243,-333,-380,-454,-204,-313,-180,-217,-343,-285,-213,-258,23,25,95
-291,-347,-168,-308,-291,-408,-140,-267,-172,-184,-270,-222,-141,-183,23,25,96
61,81,-88,122,93,51,-134,33,-172,-158,114,-10,-128,-168,23,25,97
-2,44,-173,76,15,31,-207,-16,-176,-229,50,-99,-192,-260,23,25,98
1,28,-48,69,-12,3,-125,43,-167,-168,38,5,-113,-169,23,25,99
-405,-405,-304,-358,-456,-427,-227,-353,-171,-224,-395,-328,-258,-263,23,25,100
-316,-317,-253,-255,-317,-332,-187,-307,-168,-205,-300,-310,-214,-217,23,25,101
24,71,-138,125,18,45,-181,26,-167,-176,76,-43,-167,-206,23,25,102
-167,-104,-294,-63,-145,-130,-268,-115,-171,-262,-109,-217,-268,-307,23,25,103
-185,-144,-172,-33,-63,-161,-157,-125,-169,-205,-144,-200,-180,-202,22,25,104
-448,-438,-315,-340,-400,-451,-235,-419,-174,-233,-432,-385,-244,-277,22,25,105
-262,-264,-222,-262,-315,-269,-213,-269,-173,-208,-247,-243,-197,-227,22,25,106
124,147,-88,155,63,139,-166,99,-174,-168,165,30,-151,-180,22,25,107
-172,-144,-293,-84,-173,-170,-245,-151,-174,-250,-135,-206,-243,-292,22,25,108
-221,-191,-180,-119,-162,-217,-151,-170,-166,-177,-199,-171,-148,-184,22,25,109
-367,-355,-286,-310,-360,-364,-233,-352,-179,-212,-368,-319,-226,-251,22,25,110
-228,-210,-243,-209,-240,-218,-240,-245,-177,-239,-198,-248,-218,-264,22,25,111
64,75,-137,80,9,67,-197,73,-163,-195,95,14,-184,-217,22,25,112
-314,-291,-376,-245,-311,-303,-277,-249,-167,-269,-281,-272,-308,-315,22,25,113
-352,-225,-242,-152,-180,-249,-168,-282,-169,-204,-226,-274,-189,-209,22,25,114
-386,-266,-295,-176,-232,-276,-229,-355,-170,-229,-260,-365,-236,-269,22,25,115
-260,-258,-293,-230,-292,-257,-252,-247,-167,-264,-238,-309,-271,-291,22,25,116
5,30,-160,49,-45,20,-205,36,-172,-209,32,-43,-205,-228,22,25,117
-400,-339,-379,-293,-383,-345,-301,-341,-182,-272,-344,-354,-291,-322,22,25,118
-374,-364,-221,-348,-412,-354,-174,-330,-168,-192,-352,-321,-171,-195,22,25,119
-246,-222,-200,-189,-267,-210,-188,-231,-171,-185,-218,-232,-185,-229,22,25,120
-139,-83,-204,-41,-113,-81,-217,-122,-174,-228,-90,-164,-214,-266,22,25,121
96,142,-40,194,79,135,-141,121,-167,-162,125,52,-144,-167,22,25,122
-330,-306,-284,-257,-376,-305,-244,-289,-174,-224,-324,-278,-248,-272,22,25,123
-302,-310,-178,-304,-373,-294,-146,-284,-175,-170,-310,-227,-127,-174,22,25,124
-44,-22,-101,20,-64,-7,-133,-72,-177,-152,-9,-69,-121,-169,22,24,125
12,75,-131,123,32,79,-182,1,-174,-181,79,-59,-188,-219,22,24,126
138,209,0,222,132,211,-114,148,-174,-103,188,88,-114,-127,22,24,127
-299,-283,-255,-280,-356,-275,-206,-300,-182,-188,-290,-291,-219,-242,22,24,242
-244,-251,-170,-239,-297,-242,-124,-256,-168,-169,-234,-256,-137,-171,22,24,242
67,113,-80,132,60,116,-128,38,-169,-139,102,-17,-131,-161,22,24,242
38,102,-144,87,39,95,-184,10,-180,-190,72,-59,-193,-233,22,24,242
119,159,11,179,93,154,-78,117,-175,-112,139,71,-73,-121,22,25,242
-271,-272,-214,-200,-323,-262,-181,-248,-178,-172,-269,-219,-161,-213,22,25,242
-184,-180,-138,-143,-206,-161,-133,-181,-173,-161,-164,-157,-117,-174,22,25,242
157,225,-37,243,162,237,-112,126,-173,-131,213,72,-111,-168,22,25,242
-1,69,-197,83,-16,70,-204,-20,-181,-199,39,-99,-206,-254,22,25,242
10,34,-72,73,-44,32,-121,11,-174,-135,16,-22,-108,-144,22,25,242
-301,-315,-253,-262,-397,-312,-207,-292,-173,-188,-314,-261,-209,-247,22,25,242
-192,-187,-193,-165,-220,-178,-171,-191,-175,-174,-182,-205,-181,-219,22,24,242
149,215,-64,243,125,217,-147,146,-176,-138,196,79,-134,-184,22,24,242
-113,-61,-255,-14,-145,-64,-240,-95,-172,-230,-86,-143,-232,-297,22,24,242
-134,-120,-151,-53,-80,-109,-122,-133,-165,-159,-136,-165,-136,-185,22,24,242
-331,-325,-290,-284,-317,-304,-199,-357,-177,-190,-343,-345,-217,-257,22,24,242
-193,-168,-233,-175,-249,-164,-209,-222,-177,-208,-198,-228,-210,-251,21,24,242
163,213,-63,218,92,216,-152,137,-172,-157,174,71,-146,-193,21,24,16
-169,-134,-259,-110,-194,-127,-223,-158,-175,-224,-162,-186,-232,-292,21,24,17
-199,-177,-151,-112,-161,-185,-126,-182,-169,-148,-208,-162,-129,-172,21,24,18
-260,-255,-249,-174,-264,-256,-205,-274,-178,-171,-287,-252,-200,-229,21,24,19
-138,-103,-238,-98,-162,-91,-219,-160,-178,-212,-109,-189,-215,-257,21,24,20
149,180,-89,174,56,197,-154,132,-172,-159,157,66,-153,-191,21,24,21
-278,-261,-336,-238,-348,-252,-257,-268,-177,-235,-296,-280,-274,-306,21,24,22
-348,-232,-253,-226,-254,-241,-161,-320,-173,-189,-235,-306,-187,-219,21,24,23
-276,-144,-276,-124,-173,-147,-197,-282,-176,-201,-146,-287,-231,-254,21,24,24
-122,-116,-230,-106,-188,-86,-215,-154,-177,-221,-128,-207,-243,-260,21,24,25
121,134,-36,158,50,167,-123,122,-173,-150,125,47,-137,-162,21,24,26
-316,-253,-295,-211,-318,-250,-224,-274,-176,-221,-271,-274,-244,-276,21,24,27
-295,-278,-207,-293,-384,-277,-152,-276,-170,-162,-307,-241,-158,-180,21,24,28
-122,-81,-170,-88,-191,-71,-175,-139,-174,-156,-120,-136,-171,-205,21,24,29
-89,-7,-185,12,-67,6,-208,-95,-174,-211,-39,-138,-215,-267,21,24,30
89,150,-12,181,76,164,-114,112,-168,-137,119,59,-120,-160,21,24,31
-336,-290,-279,-263,-385,-277,-222,-294,-177,-200,-319,-271,-235,-266,21,24,32
-315,-311,-245,-296,-383,-291,-158,-310,-172,-179,-318,-285,-187,-208,21,24,33
-34,-13,-166,47,-58,4,-152,-66,-170,-176,-10,-124,-184,-206,22,24,34
-41,25,-188,89,-48,39,-202,-32,-172,-220,1,-135,-219,-261,22,24,35
14,106,-60,144,-32,137,-123,59,-167,-137,50,-7,-131,-164,22,24,36
-427,-376,-329,-356,-510,-323,-230,-387,-174,-218,-413,-369,-251,-279,21,24,37
-327,-300,-236,-295,-367,-251,-158,-306,-170,-203,-310,-303,-173,-215,22,24,38
44,128,-135,154,7,156,-148,54,-170,-162,85,-29,-165,-199,21,24,39
-80,18,-284,35,-103,38,-249,-40,-177,-230,-54,-161,-275,-293,21,24,40
-83,-8,-131,21,-50,26,-153,-13,-171,-170,-74,-96,-156,-181,21,24,41
-436,-391,-315,-338,-454,-344,-226,-372,-173,-228,-429,-367,-231,-275,21,24,42
-310,-258,-243,-216,-343,-216,-173,-272,-169,-211,-258,-285,-190,-234,21,24,43
75,179,-89,200,24,212,-143,92,-171,-159,124,15,-152,-194,21,24,44
-149,-48,-275,-28,-158,-29,-250,-129,-177,-240,-119,-197,-258,-299,21,24,45
-174,-102,-187,-25,-75,-93,-154,-133,-167,-180,-98,-170,-158,-190,21,24,46
-388,-331,-315,-265,-354,-306,-216,-327,-172,-209,-328,-328,-230,-269,21,24,47
-235,-142,-224,-170,-291,-123,-193,-193,-177,-205,-195,-223,-208,-252,21,24,48
118,201,-77,201,47,230,-152,133,-178,-165,138,59,-160,-199,21,24,49
-214,-148,-297,-103,-214,-127,-248,-165,-177,-247,-189,-214,-265,-309,21,24,50
-264,-126,-188,-96,-187,-156,-147,-192,-169,-177,-163,-219,-160,-202,21,24,51
-363,-233,-285,-213,-325,-257,-217,-306,-177,-200,-273,-312,-222,-260,21,24,52
-199,-110,-236,-109,-219,-90,-215,-145,-179,-213,-168,-194,-217,-254,21,24,53
141,236,-57,230,59,249,-148,187,-174,-153,136,73,-146,-186,21,24,54
-265,-175,-289,-167,-302,-183,-256,-220,-171,-240,-241,-273,-256,-305,21,24,55
-330,-216,-206,-174,-258,-204,-165,-291,-164,-187,-243,-267,-163,-203,21,24,56
-300,-169,-275,-124,-248,-156,-217,-275,-174,-200,-214,-258,-227,-257,21,24,57
-182,-106,-265,-126,-220,-111,-255,-153,-174,-242,-174,-204,-256,-293,21,24,58
65,143,-83,126,-30,145,-191,107,-167,-178,59,28,-164,-205,21,24,59
-357,-257,-326,-239,-402,-247,-269,-293,-174,-239,-322,-309,-271,-307,21,23,60
-358,-312,-243,-281,-281,-293,-159,-299,-168,-184,-345,-295,-180,-211,21,23,61
-211,-151,-239,-96,-110,-141,-205,-190,-169,-192,-195,-208,-203,-240,21,24,62
-125,-26,-221,-22,-170,-20,-245,-118,-173,-234,-97,-175,-237,-275,21,24,63
91,194,-25,159,1,198,-132,110,-169,-146,114,39,-136,-164,21,24,63
-349,-259,-300,-279,-366,-259,-229,-293,-176,-213,-320,-290,-243,-278,21,24,63
-331,-272,-234,-296,-394,-261,-160,-271,-171,-175,-318,-256,-163,-201,21,24,63
-54,28,-141,53,-101,43,-168,-38,-171,-160,-22,-81,-158,-202,21,24,63
-45,52,-179,82,-33,55,-220,-35,-170,-217,-1,-109,-216,-261,21,24,63
40,140,-52,139,4,143,-125,73,-167,-144,70,21,-138,-163,21,24,63
-391,-313,-317,-319,-462,-301,-231,-348,-184,-215,-389,-314,-252,-279,21,24,63
-323,-265,-253,-288,-397,-257,-199,-306,-184,-200,-334,-269,-181,-223,21,24,63
6,91,-155,78,-23,91,-200,-1,-176,-179,20,-47,-173,-216,21,24,63
-68,28,-236,5,-69,21,-231,-48,-172,-232,-44,-145,-252,-289,21,24,63
-13,77,-78,62,-49,66,-107,24,-169,-145,5,-39,-138,-162,21,24,63
-364,-315,-289,-312,-459,-318,-217,-349,-177,-201,-369,-317,-233,-258,21,24,63
-243,-215,-216,-243,-310,-209,-185,-263,-169,-187,-255,-245,-193,-214,21,24,63
136,214,-84,201,91,213,-153,117,-169,-145,149,48,-156,-175,21,24,63
-60,29,-241,41,-86,19,-233,-30,-177,-219,-47,-119,-242,-275,21,24,63
-73,-11,-118,-5,-51,-11,-128,-34,-169,-150,-66,-89,-143,-172,21,24,63
-311,-273,-280,-295,-334,-256,-213,-312,-176,-189,-312,-300,-231,-244,21,24,63
-173,-125,-214,-130,-199,-106,-189,-187,-176,-194,-151,-206,-200,-215,21,24,81
154,258,-59,255,117,265,-145,162,-170,-156,182,68,-151,-186,21,24,82
-169,-61,-262,-67,-175,-67,-250,-116,-173,-233,-154,-186,-257,-302,21,24,83
-202,-126,-159,-25,-89,-131,-152,-127,-169,-156,-153,-150,-147,-181,21,24,84
-313,-249,-264,-141,-230,-243,-202,-261,-175,-181,-268,-252,-203,-239,21,24,85
-136,-70,-192,-95,-159,-63,-187,-127,-175,-197,-121,-158,-180,-227,21,24,86
213,290,-16,267,160,294,-144,202,-168,-144,215,108,-124,-159,21,24,87
-182,-111,-256,-93,-189,-110,-255,-159,-168,-219,-180,-205,-256,-275,21,24,88
-235,-160,-162,-163,-196,-162,-145,-200,-163,-146,-199,-184,-148,-167,21,24,89
-238,-177,-237,-152,-209,-167,-201,-227,-172,-175,-193,-214,-194,-230,21,24,90
-123,-71,-227,-49,-139,-72,-241,-120,-173,-229,-113,-174,-232,-268,21,24,91
159,204,-37,191,93,214,-162,158,-171,-163,136,70,-152,-181,21,24,92
-248,-232,-282,-238,-285,-212,-246,-245,-175,-221,-268,-265,-249,-281,21,24,93
-290,-226,-214,-229,-255,-257,-168,-284,-165,-166,-272,-271,-159,-184,21,24,94
-189,-78,-207,-45,-126,-118,-212,-181,-169,-173,-142,-196,-196,-224,21,24,95
-86,-17,-180,-17,-85,-3,-232,-68,-173,-212,-69,-128,-230,-266,21,24,96
126,192,-19,188,93,209,-146,145,-168,-135,122,84,-136,-168,21,24,97
-323,-263,-300,-231,-340,-271,-254,-296,-174,-205,-327,-281,-238,-278,21,24,98
-302,-289,-218,-291,-333,-272,-166,-271,-169,-176,-322,-252,-157,-197,21,24,99
-58,-35,-175,-37,-71,-3,-188,-57,-171,-178,-68,-101,-191,-216,21,24,100
-43,14,-226,3,-34,29,-253,-57,-178,-222,-34,-150,-256,-271,21,24,101
71,133,-52,114,53,149,-152,80,-172,-138,76,-1,-137,-157,21,24,102
-366,-313,-291,-330,-397,-303,-243,-317,-172,-209,-374,-298,-229,-270,21,24,103
-298,-259,-221,-284,-312,-240,-172,-263,-167,-183,-295,-235,-159,-204,21,24,104
48,101,-122,118,63,124,-164,29,-173,-159,79,-28,-149,-192,22,24,105
-9,41,-193,54,5,55,-235,-21,-173,-227,14,-107,-222,-265,22,24,106
36,92,-45,73,28,100,-126,64,-160,-143,39,20,-123,-141,22,24,107
-351,-301,-280,-311,-373,-285,-216,-297,-168,-191,-357,-275,-226,-242,21,24,108
-246,-215,-219,-206,-240,-190,-181,-222,-169,-174,-251,-215,-179,-206,22,24,109
133,184,-88,190,144,197,-162,104,-168,-141,144,52,-159,-181,22,24,110
-35,17,-220,-12,-24,19,-244,-45,-174,-220,-19,-115,-237,-268,22,24,111
-35,8,-92,-5,-17,17,-145,-13,-169,-144,-27,-52,-114,-149,22,24,112
-296,-270,-272,-272,-325,-250,-220,-289,-169,-181,-307,-256,-212,-236,22,24,113
-134,-122,-185,-118,-141,-102,-178,-159,-164,-181,-144,-154,-184,-208,22,24,114
231,275,-17,263,201,298,-149,208,-170,-135,246,140,-132,-157,22,23,115
-79,-22,-230,-23,-82,1,-252,-58,-172,-209,-63,-114,-242,-263,22,23,116
-143,-100,-146,19,-13,-86,-151,-111,-161,-150,-136,-120,-138,-172,22,23,117
-309,-288,-267,-166,-227,-260,-224,-295,-174,-193,-319,-249,-204,-253,22,24,118
-125,-92,-192,-120,-149,-62,-196,-127,-175,-192,-120,-127,-194,-221,22,24,119
254,306,-3,290,230,346,-126,250,-165,-125,266,175,-127,-141,22,24,120
-121,-77,-220,-24,-104,-50,-234,-89,-176,-204,-124,-103,-225,-264,22,24,121
-190,-119,-133,-103,-148,-146,-138,-156,-176,-142,-161,-108,-126,-159,22,24,122
-210,-156,-210,-137,-184,-168,-189,-217,-172,-168,-182,-185,-189,-210,22,24,123
-54,-46,-158,-13,-39,-4,-191,-60,-168,-196,-59,-97,-190,-230,22,24,124
230,275,26,273,200,314,-112,253,-170,-127,240,185,-98,-150,22,24,125
-199,-142,-230,-144,-219,-135,-231,-156,-173,-201,-190,-153,-211,-260,22,24,126
-239,-209,-167,-175,-187,-195,-163,-212,-162,-151,-230,-173,-141,-173,22,24,127
-175,-134,-219,-58,-107,-101,-198,-178,-168,-172,-139,-166,-199,-228,22,24,242
-83,-33,-197,-16,-85,-4,-206,-81,-172,-217,-54,-125,-216,-261,22,24,242
158,213,8,222,124,241,-121,193,-170,-136,167,120,-119,-152,22,24,242
-287,-254,-280,-221,-308,-227,-240,-235,-175,-208,-291,-246,-249,-261,22,24,242
-288,-297,-222,-304,-319,-257,-157,-278,-163,-174,-304,-260,-166,-178,22,24,242
-79,-58,-164,-36,-78,-17,-177,-102,-165,-169,-69,-128,-181,-207,22,24,242
-58,0,-190,51,-45,34,-229,-45,-173,-219,-28,-121,-237,-270,22,24,242
78,142,-32,157,60,177,-123,133,-171,-141,102,63,-129,-155,22,24,242
-327,-293,-268,-300,-355,-255,-212,-270,-171,-201,-328,-263,-220,-250,22,24,242
-257,-237,-192,-201,-287,-190,-145,-239,-161,-169,-256,-229,-146,-176,22,24,242
44,114,-125,110,59,154,-151,37,-166,-150,82,-12,-150,-176,22,24,242
9,100,-182,-24,36,131,-205,30,-173,-203,49,-59,-214,-243,22,24,242
74,139,-11,107,49,179,-91,113,-168,-124,92,42,-96,-134,22,24,242
-349,-322,-269,-228,-393,-278,-201,-297,-175,-194,-347,-281,-206,-253,22,24,242
-273,-230,-213,-224,-268,-193,-157,-219,-171,-179,-247,-211,-165,-201,22,24,242
108,204,-70,190,135,232,-132,122,-169,-141,165,53,-136,-175,22,24,242
-14,68,-200,94,-4,91,-218,-9,-172,-212,23,-94,-222,-270,22,24,242
-6,46,-83,49,-7,72,-120,37,-168,-135,3,-13,-110,-145,22,24,16
-309,-268,-258,-254,-341,-235,-195,-252,-174,-167,-302,-237,-186,-223,22,23,17
-174,-124,-179,-97,-162,-94,-159,-169,-165,-157,-128,-171,-164,-199,22,23,18
176,253,-73,251,168,277,-136,143,-163,-139,215,78,-155,-178,22,23,19
-103,-42,-283,-35,-104,-20,-229,-92,-172,-235,-84,-163,-259,-281,22,23,20
-140,-89,-151,-8,-31,-64,-122,-99,-166,-153,-77,-148,-144,-157,22,23,21
-337,-283,-293,-216,-265,-242,-200,-309,-169,-183,-277,-318,-232,-240,22,23,22
-189,-124,-244,-138,-187,-86,-187,-177,-169,-205,-166,-208,-221,-230,22,23,23
176,269,-48,273,180,305,-141,178,-167,-157,217,104,-149,-165,22,23,24
-160,-67,-225,-31,-109,-36,-230,-118,-170,-221,-106,-157,-230,-266,22,23,25
-204,-110,-130,-51,-107,-106,-110,-128,-165,-145,-162,-127,-110,-146,22,23,26
-259,-173,-246,-124,-195,-165,-181,-222,-171,-173,-229,-210,-188,-205,22,24,27
-91,-28,-203,-53,-75,17,-197,-100,-168,-194,-59,-152,-209,-213,22,24,28
222,301,-26,277,209,346,-114,221,-165,-133,263,108,-134,-143,22,24,29
-206,-144,-274,-106,-202,-130,-208,-168,-172,-212,-179,-212,-240,-268,22,23,30
-243,-213,-157,-155,-199,-193,-117,-213,-169,-143,-233,-190,-132,-159,22,23,31
-160,-106,-147,-43,-86,-72,-148,-151,-167,-148,-130,-138,-156,-191,22,23,32
-33,48,-119,53,-8,76,-152,-11,-162,-185,10,-51,-168,-214,22,23,33
214,303,38,311,207,324,-81,234,-166,-116,261,178,-95,-120,22,23,34
-221,-163,-249,-115,-222,-148,-205,-204,-180,-190,-199,-193,-224,-241,22,23,35
-234,-196,-195,-204,-283,-181,-120,-222,-166,-143,-236,-193,-147,-159,22,24,36
-80,-16,-174,-3,-103,-4,-139,-88,-163,-146,-55,-97,-182,-190,22,24,37
-37,25,-167,87,-2,33,-172,-39,-173,-199,13,-91,-216,-241,22,24,38
132,191,4,221,138,194,-90,156,-174,-125,168,107,-106,-139,22,24,39
-309,-275,-265,-264,-347,-265,-198,-261,-174,-186,-306,-227,-222,-241,22,24,40
-244,-227,-160,-191,-278,-211,-102,-214,-163,-139,-244,-179,-132,-146,21,24,41
64,133,-60,132,73,132,-105,66,-167,-125,92,25,-122,-159,22,24,42
25,111,-139,41,53,101,-185,46,-172,-197,55,-30,-200,-249,22,24,43
81,136,-10,138,92,140,-86,131,-165,-131,104,80,-100,-140,21,24,44
-336,-321,-255,-258,-373,-305,-177,-285,-169,-188,-334,-252,-190,-235,21,24,45
-238,-227,-172,-198,-269,-216,-124,-228,-163,-157,-243,-194,-132,-170,21,24,46
125,175,-68,184,140,174,-123,114,-166,-133,146,59,-136,-161,21,24,47
9,72,-190,38,22,63,-201,45,-171,-203,32,-47,-225,-248,21,24,48
38,97,-30,65,7,90,-90,87,-164,-116,41,46,-104,-123,21,24,49
-288,-256,-224,-230,-351,-251,-174,-269,-170,-168,-301,-236,-189,-216,21,24,50
-168,-139,-154,-151,-169,-128,-127,-167,-166,-164,-150,-173,-150,-184,22,24,51
211,283,-4,279,238,293,-99,205,-162,-116,263,136,-113,-143,22,23,52
-10,61,-187,93,4,65,-199,8,-170,-192,14,-47,-206,-243,22,23,53
-40,-6,-92,14,-11,-4,-98,-10,-168,-133,-51,-33,-100,-134,22,24,54
-279,-274,-248,-234,-278,-259,-178,-258,-173,-178,-291,-237,-187,-220,22,24,55
-149,-116,-170,-74,-132,-95,-158,-125,-172,-180,-124,-138,-172,-210,22,24,56
218,313,11,329,233,318,-102,240,-170,-127,263,167,-116,-156,22,24,57
-79,-12,-186,-31,-87,-21,-200,-60,-173,-204,-71,-88,-213,-253,21,24,58
-118,-106,-101,-83,-75,-94,-99,-97,-170,-130,-128,-81,-106,-130,22,24,59
-213,-202,-218,-136,-172,-160,-156,-193,-171,-144,-219,-189,-181,-201,22,24,60
-46,30,-146,40,-22,41,-150,-34,-163,-160,-3,-93,-176,-210,22,24,61
258,323,35,329,245,344,-99,268,-161,-113,270,178,-95,-139,22,24,62
-192,-164,-239,-137,-193,-129,-217,-156,-166,-203,-203,-178,-219,-264,22,24,63
-265,-137,-175,-113,-154,-171,-125,-219,-158,-148,-151,-202,-134,-168,21,24,63
-244,-95,-243,-66,-102,-132,-187,-216,-165,-177,-123,-220,-196,-228,21,24,63
-139,-114,-243,-133,-91,-67,-219,-122,-167,-224,-161,-179,-242,-266,21,24,63
114,147,-47,150,149,198,-130,144,-163,-150,92,85,-140,-172,21,24,63
-311,-234,-279,-169,-237,-225,-226,-240,-167,-214,-281,-230,-223,-281,21,24,63
-290,-277,-179,-239,-271,-247,-127,-227,-163,-149,-312,-218,-135,-169,21,24,63
-74,-61,-111,-44,-44,-18,-127,-59,-170,-125,-89,-84,-153,-163,21,24,63
48,118,-75,138,145,138,-145,42,-171,-151,87,-9,-168,-192,22,24,63
226,292,57,280,275,305,-63,212,-163,-83,241,162,-82,-105,22,24,63
-270,-233,-263,-260,-260,-223,-188,-255,-166,-176,-280,-236,-218,-245,22,24,63
-248,-233,-178,-199,-209,-201,-128,-217,-158,-141,-267,-185,-128,-167,22,24,63
63,85,-86,46,82,104,-134,49,-162,-112,76,27,-119,-151,22,24,63
63,90,-122,-66,68,90,-173,48,-166,-171,94,-18,-181,-206,22,24,63
131,194,50,186,193,218,-67,163,-163,-103,156,105,-73,-102,22,24,63
-286,-232,-216,-141,-233,-186,-177,-249,-171,-162,-300,-217,-177,-212,22,24,63
-192,-170,-170,-202,-156,-135,-125,-191,-165,-138,-219,-145,-123,-150,22,24,63
132,186,-63,161,183,215,-125,125,-159,-119,148,86,-133,-149,22,24,63
8,81,-157,112,55,111,-203,35,-161,-187,44,-56,-215,-240,22,24,81
38,107,-13,101,83,131,-89,82,-160,-109,66,29,-84,-119,22,24,82
-289,-235,-226,-235,-244,-200,-171,-259,-167,-151,-287,-215,-181,-207,22,24,83
-160,-119,-153,-134,-127,-74,-141,-169,-164,-135,-156,-141,-153,-160,22,24,84
178,256,-21,234,251,290,-144,163,-162,-115,215,102,-118,-142,22,24,85
-42,44,-186,22,48,59,-234,-4,-163,-195,-17,-74,-207,-257,22,24,86
-9,47,-56,34,22,63,-89,30,-159,-101,-16,10,-90,-118,22,24,87
-223,-185,-225,-170,-213,-142,-158,-224,-164,-138,-232,-195,-169,-185,22,24,88
-93,-50,-148,-56,-45,6,-156,-101,-161,-152,-78,-108,-145,-174,22,24,89
287,357,65,340,339,398,-97,282,-162,-88,311,226,-77,-110,22,24,90
17,66,-126,49,33,94,-169,25,-168,-150,5,-16,-171,-201,22,23,91
-27,-14,-64,-14,-29,20,-75,-20,-165,-88,-58,-40,-82,-103,22,23,92
-154,-158,-186,-143,-168,-115,-156,-172,-167,-122,-179,-153,-162,-182,22,23,93
29,39,-93,12,56,74,-135,-5,-164,-120,18,-18,-135,-164,22,24,94
377,433,103,390,398,451,-59,339,-164,-53,377,261,-48,-89,22,24,95
-35,3,-137,-14,-50,19,-171,-49,-165,-145,-47,-66,-170,-208,22,24,96
-111,-101,-67,-79,-61,-70,-82,-106,-154,-90,-121,-52,-86,-102,22,24,97
-131,-112,-173,-78,-88,-77,-158,-140,-161,-115,-146,-89,-156,-190,22,24,98
-12,28,-143,16,-9,35,-191,-26,-168,-157,-32,-38,-175,-234,22,24,99
262,316,63,311,271,329,-99,277,-161,-91,252,205,-84,-127,22,24,100
-167,-146,-195,-141,-149,-111,-190,-139,-163,-161,-186,-164,-196,-223,22,24,101
-190,-172,-113,-184,-130,-161,-108,-194,-163,-114,-189,-165,-101,-137,22,24,102
-85,-32,-123,2,-15,-38,-156,-92,-171,-135,-66,-78,-148,-196,22,24,103
-20,28,-142,42,0,47,-191,4,-169,-180,-27,-53,-210,-237,22,24,104
168,214,20,212,155,244,-103,189,-159,-106,150,113,-119,-135,22,24,105
-306,-275,-255,-234,-324,-265,-210,-264,-166,-191,-331,-251,-218,-267,22,24,106
-291,-286,-169,-252,-312,-273,-126,-226,-165,-153,-315,-187,-126,-175,22,24,107
-29,-2,-92,15,1,30,-153,-1,-164,-134,-23,-12,-147,-172,22,24,108
-7,38,-121,28,56,63,-211,-8,-162,-188,9,-60,-202,-238,22,24,109
103,130,30,111,103,147,-95,122,-159,-112,101,77,-89,-129,22,24,110
-339,-327,-247,-330,-355,-310,-190,-284,-168,-173,-352,-258,-211,-231,22,24,111
-274,-245,-177,-207,-244,-225,-136,-227,-164,-140,-280,-195,-136,-165,22,24,112
86,114,-49,102,101,125,-130,103,-164,-114,94,71,-97,-151,22,24,113
55,55,-102,-68,40,68,-174,84,-164,-175,64,-1,-166,-211,22,24,114
92,136,46,82,116,158,-58,146,-158,-93,110,68,-73,-93,22,24,115
-326,-267,-215,-222,-297,-239,-174,-256,-165,-153,-314,-241,-186,-217,22,24,116
-245,-222,-171,-210,-204,-196,-152,-180,-165,-154,-233,-163,-145,-194,22,24,117
127,187,-25,193,135,197,-137,175,-166,-130,144,100,-126,-178,22,24,118
-44,33,-151,74,-9,33,-217,24,-170,-200,-29,-78,-209,-263,22,24,119
-74,-31,-49,39,56,-15,-108,9,-165,-126,-44,-44,-92,-141,22,24,120
-362,-335,-254,-271,-288,-303,-190,-294,-167,-172,-345,-274,-185,-226,22,24,121
-172,-137,-137,-147,-180,-112,-156,-140,-162,-154,-176,-132,-140,-175,22,24,122
229,299,70,288,242,316,-111,251,-163,-102,247,202,-72,-127,22,24,123
-78,3,-147,45,-11,11,-204,3,-160,-183,-45,-55,-183,-252,22,24,124
-125,-55,-80,16,-42,-50,-99,-15,-152,-107,-97,-44,-91,-130,22,24,125
-268,-220,-221,-164,-215,-194,-180,-200,-163,-145,-258,-182,-167,-195,22,24,126
-101,-27,-148,-16,-26,0,-160,-66,-157,-170,-48,-103,-157,-193,22,24,127
250,300,51,310,227,337,-88,283,-154,-110,240,190,-92,-128,22,24,242
-157,-116,-189,-89,-161,-92,-219,-82,-165,-189,-172,-105,-204,-259,22,24,242
-262,-91,-140,-24,-44,-122,-139,-161,-158,-131,-81,-136,-117,-171,22,24,242
-291,-134,-223,-29,-68,-149,-183,-231,-158,-154,-104,-216,-188,-221,21,24,242
-121,-106,-141,-61,-135,-73,-191,-87,-164,-189,-142,-120,-176,-229,21,24,242
176,196,56,195,111,201,-127,233,-162,-127,136,165,-83,-148,21,24,242
-251,-184,-237,-180,-219,-208,-231,-178,-157,-203,-218,-198,-226,-259,21,24,242
-264,-203,-152,-183,-253,-192,-123,-222,-154,-147,-264,-201,-121,-141,22,24,242
-149,-82,-116,-21,-138,-70,-161,-122,-166,-150,-150,-109,-113,-178,21,24,242
-48,-2,-84,46,16,-16,-192,0,-162,-181,-13,-49,-148,-226,22,24,242
166,186,52,220,183,181,-99,231,-152,-104,168,133,-97,-128,22,24,242
-286,-247,-254,-224,-288,-258,-212,-206,-162,-183,-293,-235,-223,-241,21,24,242
-277,-243,-159,-259,-241,-263,-133,-224,-161,-143,-257,-205,-112,-151,22,24,242
-72,-19,-115,11,-3,-40,-163,-60,-162,-144,-17,-72,-136,-192,21,24,242
-97,-35,-161,-28,-177,13,-219,-40,-169,-188,-98,-112,-191,-262,22,24,242
41,134,-102,61,29,137,-194,64,-154,-147,68,-19,-157,-213,22,24,242
158,247,52,212,77,264,-86,200,-150,-60,159,122,-50,-103,22,24,242
-308,-239,-234,-206,-415,-209,-200,-260,-163,-143,-306,-248,-164,-235,21,24,242
-273,-220,-174,-190,-299,-189,-143,-237,-158,-124,-274,-214,-102,-176,21,24,242
48,109,-69,97,54,135,-143,68,-162,-111,70,20,-105,-175,21,24,242
3,47,-158,-30,-27,66,-221,28,-159,-177,24,-55,-204,-252,21,24,242
20,72,-43,35,19,94,-127,64,-151,-98,20,1,-111,-140,21,24,242
-430,-366,-315,-325,-444,-332,-233,-360,-169,-181,-448,-359,-219,-275,21,24,16
-371,-292,-281,-316,-415,-266,-214,-315,-164,-192,-338,-327,-196,-260,21,24,17
16,53,-137,41,-83,95,-206,30,-162,-160,-9,-52,-178,-225,21,24,18
-113,-50,-240,-18,-125,-29,-268,-78,-170,-221,-109,-170,-240,-300,21,24,19
