F3 Quality,FC6 Quality,P7 Quality,T8 Quality,F7 Quality,F8 Quality,T7 Quality,P8 Quality,AF4 Quality,F4 Quality,AF3 Quality,O2 Quality,O1 Quality,FC5 Quality,X Quality,Y Quality,Z Quality,Unknown Quality
992,1496,4224,16,2472,1872,16,5808,904,7520,784,6744,8056,16,0,0,0,1488
992,1496,4224,16,2472,1864,16,5808,904,7520,784,6744,8056,16,0,0,0,1488
992,1496,4224,16,2472,1864,16,5808,896,7520,784,6744,8056,16,0,0,0,1488
992,1496,4224,16,2472,1864,16,5808,896,7520,784,6744,8056,16,0,0,0,8
992,1496,4224,16,2472,1864,16,5808,896,7520,784,6744,8056,16,0,0,0,24
992,1496,4224,16,2472,1864,16,5808,896,7520,784,6744,8056,16,0,0,0,8
992,1496,4224,16,2472,1864,16,5808,896,7520,784,6744,8056,16,0,0,0,8
992,1496,4224,16,2472,1864,16,5808,896,7520,784,6744,8056,16,0,0,0,24
992,1496,4224,16,2472,1864,16,5808,896,7520,784,6744,8056,16,0,0,0,16
992,1496,4224,16,2472,1864,16,5808,896,7520,784,6744,8056,16,0,0,0,0
992,1496,4224,16,2472,1864,16,5808,896,7520,784,6744,8056,16,0,0,0,24
992,1496,4224,16,2472,1864,16,5808,896,7520,784,6744,8056,16,0,0,0,24
992,1496,4224,16,2472,1864,16,5808,896,7520,784,6744,8056,16,0,0,0,16
992,1496,4224,16,2472,1864,16,5808,896,7520,784,6744,8056,16,0,0,0,0
992,1496,4224,16,2472,1864,16,5808,896,7520,784,6744,8056,16,0,0,0,8
992,1496,4224,16,2472,1864,16,5808,896,7520,784,6744,8056,16,0,0,0,24
992,1496,4224,16,2472,1864,16,5808,896,7520,784,6744,8056,16,0,0,0,8
992,1496,4224,16,2472,1864,16,5808,896,7520,784,6744,8056,16,0,0,0,24
992,1496,4224,16,2472,1864,16,5808,896,7520,784,6744,8056,16,0,0,0,16
992,1496,4224,16,2472,1864,16,5808,896,7520,784,6744,8056,16,0,0,0,0
992,1496,4224,16,2472,1864,16,5808,896,7520,784,6744,8056,16,0,0,0,24
992,1496,4224,16,2472,1864,16,5808,896,7520,784,6744,8056,16,0,0,0,24
992,1496,4224,16,2472,1864,16,5808,896,7520,784,6744,8056,16,0,0,0,0
992,1496,4224,16,2472,1864,16,5808,896,7520,784,6744,8056,16,0,0,0,8
992,1496,4224,16,2472,1864,16,5808,896,7520,784,6744,8056,16,0,0,0,8
992,1496,4224,16,2472,1864,16,5808,896,7520,784,6744,8056,16,0,0,0,16
992,1496,4224,16,2472,1864,16,5808,896,7520,784,6744,8056,16,0,0,0,0
992,1496,4224,16,2472,1864,16,5808,896,7520,784,6744,8056,16,0,0,0,24
992,1496,4224,16,2472,1864,16,5808,896,7520,784,6744,8056,16,0,0,0,8
992,1496,4224,16,2472,1864,16,5808,896,7520,784,6744,8056,16,0,0,0,0
992,1496,4224,16,2472,1864,16,5808,896,7520,784,6744,8056,16,0,0,0,16
992,1496,4224,16,2472,1864,16,5808,896,7520,784,6744,8056,16,0,0,0,0
992,1496,4224,16,2472,1864,16,5808,896,7520,784,6744,8056,16,0,0,0,24
992,1496,4224,16,2472,1864,16,5808,896,7520,784,6744,8056,16,0,0,0,24
992,1496,4224,16,2472,1864,16,5808,896,7520,784,6744,8056,16,0,0,0,8
992,1496,4224,16,2472,1864,16,5808,896,7520,784,6744,8056,16,0,0,0,24
992,1496,4224,16,2472,1864,16,5808,896,7520,784,6744,8056,16,0,0,0,24
992,1496,4224,16,2472,1864,16,5808,896,7520,784,6744,8056,16,0,0,0,24
992,1496,4224,16,2472,1864,16,5808,896,7520,784,6744,8056,16,0,0,0,16
992,1496,4224,16,2472,1864,16,5808,896,7520,784,6744,8056,16,0,0,0,0
992,1496,4224,16,2472,1864,16,5808,896,7520,784,6744,8056,16,0,0,0,8
992,1496,4224,16,2472,1864,16,5808,896,7520,784,6744,8056,16,0,0,0,16
992,1496,4224,16,2472,1864,16,5808,896,7520,784,6744,8056,16,0,0,0,24
992,1496,4224,16,2472,1864,16,5808,896,7520,784,6744,8056,16,0,0,0,8
992,1496,4224,16,2472,1864,16,5808,896,7520,784,6744,8056,16,0,0,0,24
992,1496,4224,16,2472,1864,16,5808,896,7520,784,6744,8056,16,0,0,0,16
992,1496,4224,16,2472,1864,16,5808,896,7520,784,6744,8056,16,0,0,0,16
992,1496,4224,16,2472,1864,16,5808,896,7520,784,6744,8056,16,0,0,0,16
992,1496,4224,16,2472,1864,16,5808,896,7520,784,6744,8056,16,0,0,0,24
992,1496,4224,16,2472,1864,16,5808,896,7520,784,6744,8056,16,0,0,0,16
992,1496,4224,16,2472,1864,16,5808,896,7520,784,6744,8056,16,0,0,0,24
1016,1496,4224,16,2472,1864,16,5808,896,7520,784,6744,8056,16,0,0,0,24
1016,1496,4224,16,2472,1864,16,5808,896,7520,784,6744,8056,0,0,0,0,24
1016,1496,4224,16,2472,1864,16,5808,896,7520,776,6744,8056,0,0,0,0,24
1016,1496,4224,16,2480,1864,16,5808,896,7520,776,6744,8056,0,0,0,0,24
1016,1496,4224,16,2480,1864,16,5808,896,7520,776,6744,8056,0,0,0,0,24
1016,1496,4240,16,2480,1864,16,5808,896,7520,776,6744,8056,0,0,0,0,24
1016,1496,4240,16,2480,1864,16,5808,896,7520,776,6744,8048,0,0,0,0,24
1016,1496,4240,16,2480,1864,16,5808,896,7520,776,6720,8048,0,0,0,0,24
1016,1496,4240,16,2480,1864,16,5800,896,7520,776,6720,8048,0,0,0,0,24
1016,1496,4240,8,2480,1864,16,5800,896,7520,776,6720,8048,0,0,0,0,24
1016,1496,4240,8,2480,2288,16,5800,896,7520,776,6720,8048,0,0,0,0,24
1016,1496,4240,8,2480,2288,16,5800,24,7520,776,6720,8048,0,0,0,0,24
1016,1488,4240,8,2480,2288,16,5800,24,7520,776,6720,8048,0,0,0,0,24
1016,1488,4240,8,2480,2288,16,5800,24,7536,776,6720,8048,0,0,0,0,24
1016,1488,4240,8,2480,2288,16,5800,24,7536,776,6720,8048,0,0,0,0,24
1016,1488,4240,8,2480,2288,16,5800,16,7536,776,6720,8048,0,0,0,0,24
1016,1488,4240,8,2480,2288,16,5800,16,7536,776,6720,8048,0,0,0,0,24
1016,1488,4240,8,2480,2288,16,5800,16,7536,776,6720,8048,0,0,0,0,7528
1016,1488,4240,8,2480,2288,16,5800,16,7536,776,6720,8048,0,0,0,0,2272
1016,1488,4240,8,2480,2288,16,5800,16,7536,776,6720,8048,0,0,0,0,16
1016,1488,4240,8,2480,2288,16,5800,16,7536,776,6720,8048,0,0,0,0,1496
1016,1488,4240,8,2480,2288,16,5800,16,7536,776,6720,8048,0,0,0,0,7528
1016,1488,4240,8,2480,2288,16,5800,16,7536,776,6720,8048,0,0,0,0,2288
1016,1488,4240,8,2480,2288,16,5800,16,7536,776,6720,8048,0,0,0,0,24
1016,1488,4240,8,2480,2288,16,5800,16,7536,776,6720,8048,0,0,0,0,1488
1016,1488,4240,8,2480,2288,16,5800,16,7536,776,6720,8048,0,0,0,0,7520
1016,1488,4240,8,2480,2288,16,5800,16,7536,776,6720,8048,0,0,0,0,2288
1016,1488,4240,8,2480,2288,16,5800,16,7536,776,6720,8048,0,0,0,0,16
1016,1488,4240,8,2480,2288,16,5800,16,7536,776,6720,8048,0,0,0,0,1496
1016,1488,4240,8,2480,2288,16,5800,16,7536,776,6720,8048,0,0,0,0,7536
1016,1488,4240,8,2480,2288,16,5800,16,7536,776,6720,8048,0,0,0,0,2288
1016,1488,4240,8,2480,2288,16,5800,16,7536,776,6720,8048,0,0,0,0,8
1016,1488,4240,8,2480,2288,16,5800,16,7536,776,6720,8048,0,0,0,0,1488
1016,1488,4240,8,2480,2288,16,5800,16,7536,776,6720,8048,0,0,0,0,7520
1016,1488,4240,8,2480,2288,16,5800,16,7536,776,6720,8048,0,0,0,0,2288
1016,1488,4240,8,2480,2288,16,5800,16,7536,776,6720,8048,0,0,0,0,24
1016,1488,4240,8,2480,2288,16,5800,16,7536,776,6720,8048,0,0,0,0,1472
1016,1488,4240,8,2480,2288,16,5800,16,7536,776,6720,8048,0,0,0,0,7520
1016,1488,4240,8,2480,2288,16,5800,16,7536,776,6720,8048,0,0,0,0,2288
1016,1488,4240,8,2480,2288,16,5800,16,7536,776,6720,8048,0,0,0,0,24
1016,1488,4240,8,2480,2288,16,5800,16,7536,776,6720,8048,0,0,0,0,1472
1016,1488,4240,8,2480,2288,16,5800,16,7536,776,6720,8048,0,0,0,0,7528
1016,1488,4240,8,2480,2288,16,5800,16,7536,776,6720,8048,0,0,0,0,2288
1016,1488,4240,8,2480,2288,16,5800,16,7536,776,6720,8048,0,0,0,0,16
1016,1488,4240,8,2480,2288,16,5800,16,7536,776,6720,8048,0,0,0,0,1480
1016,1488,4240,8,2480,2288,16,5800,16,7536,776,6720,8048,0,0,0,0,7528
1016,1488,4240,8,2480,2288,16,5800,16,7536,776,6720,8048,0,0,0,0,2272
1016,1488,4240,8,2480,2288,16,5800,16,7536,776,6720,8048,0,0,0,0,24
1016,1488,4240,8,2480,2288,16,5800,16,7536,776,6720,8048,0,0,0,0,1472
1016,1488,4240,8,2480,2288,16,5800,16,7536,776,6720,8048,0,0,0,0,7520
1016,1488,4240,8,2480,2288,16,5800,16,7536,776,6720,8048,0,0,0,0,2272
1016,1488,4240,8,2480,2288,16,5800,16,7536,776,6720,8048,0,0,0,0,8
1016,1488,4240,8,2480,2288,16,5800,16,7536,776,6720,8048,0,0,0,0,1472
1016,1488,4240,8,2480,2288,16,5800,16,7536,776,6720,8048,0,0,0,0,7528
1016,1488,4240,8,2480,2288,16,5800,16,7536,776,6720,8048,0,0,0,0,2272
1016,1488,4240,8,2480,2288,16,5800,16,7536,776,6720,8048,0,0,0,0,0
1016,1488,4240,8,2480,2288,16,5800,16,7536,776,6720,8048,0,0,0,0,1472
1016,1488,4240,8,2480,2288,16,5800,16,7536,776,6720,8048,0,0,0,0,7536
1016,1488,4240,8,2480,2288,16,5800,16,7536,776,6720,8048,0,0,0,0,2296
1016,1488,4240,8,2480,2288,16,5800,16,7536,776,6720,8048,0,0,0,0,8
1016,1488,4240,8,2480,2288,16,5800,16,7536,776,6720,8048,0,0,0,0,1472
1016,1488,4240,8,2480,2288,16,5800,16,7536,776,6720,8048,0,0,0,0,7528
1016,1488,4240,8,2480,2288,16,5800,16,7536,776,6720,8048,0,0,0,0,2280
1016,1488,4240,8,2480,2288,16,5800,16,7536,776,6720,8048,0,0,0,0,8
1016,1488,4240,8,2480,2288,16,5800,16,7536,776,6720,8048,0,0,0,0,1488
1016,1488,4240,8,2480,2288,16,5800,16,7536,776,6720,8048,0,0,0,0,1488
1016,1488,4240,8,2480,2288,16,5800,16,7536,776,6720,8048,16,0,0,0,1488
1016,1488,4240,8,2480,2288,16,5800,16,7536,776,6720,8048,16,0,0,0,1488
1016,1488,4240,8,2472,2288,16,5800,16,7536,776,6720,8048,16,0,0,0,1488
1016,1488,4240,8,2472,2288,0,5800,16,7536,776,6720,8048,16,0,0,0,1488
1016,1488,4240,8,2472,2288,0,5800,16,7536,776,6720,8048,16,0,0,0,1488
1016,1488,4240,8,2472,2288,0,5800,16,7536,776,6720,8056,16,0,0,0,1488
1016,1488,4240,8,2472,2288,0,5800,16,7536,776,6720,8056,16,0,0,0,1488
1016,1488,4240,8,2472,2288,0,5808,16,7536,776,6720,8056,16,0,0,0,1488
1016,1488,4240,8,2472,2288,0,5808,16,7536,776,6720,8056,16,0,0,0,1488
1016,1488,4240,8,2472,2368,0,5808,16,7536,776,6720,8056,16,0,0,0,1488
1016,1488,4240,8,2472,2368,0,5808,0,7536,776,6720,8056,16,0,0,0,1488
1016,1480,4240,8,2472,2368,0,5808,0,7536,776,6720,8056,16,0,0,0,1488
1016,1480,4240,8,2472,2368,0,5808,0,7536,776,6720,8056,16,0,0,0,1488
1016,1480,4240,8,2472,2376,0,5808,0,7536,776,6720,8056,16,0,0,0,1488
1016,1480,4240,8,2472,2376,0,5808,16,7536,776,6720,8056,16,0,0,0,1488
1016,1480,4240,8,2472,2376,0,5808,16,7536,776,6720,8056,16,0,0,0,8
1016,1480,4240,8,2472,2376,0,5808,16,7536,776,6720,8056,16,0,0,0,24
1016,1480,4240,8,2472,2376,0,5808,16,7536,776,6720,8056,16,0,0,0,24
1016,1480,4240,8,2472,2376,0,5808,16,7536,776,6720,8056,16,0,0,0,24
1016,1480,4240,8,2472,2376,0,5808,16,7536,776,6720,8056,16,0,0,0,24
1016,1480,4240,8,2472,2376,0,5808,16,7536,776,6720,8056,16,0,0,0,0
1016,1480,4240,8,2472,2376,0,5808,16,7536,776,6720,8056,16,0,0,0,8
1016,1480,4240,8,2472,2376,0,5808,16,7536,776,6720,8056,16,0,0,0,16
1016,1480,4240,8,2472,2376,0,5808,16,7536,776,6720,8056,16,0,0,0,16
1016,1480,4240,8,2472,2376,0,5808,16,7536,776,6720,8056,16,0,0,0,24
1016,1480,4240,8,2472,2376,0,5808,16,7536,776,6720,8056,16,0,0,0,8
1016,1480,4240,8,2472,2376,0,5808,16,7536,776,6720,8056,16,0,0,0,24
1016,1480,4240,8,2472,2376,0,5808,16,7536,776,6720,8056,16,0,0,0,16
1016,1480,4240,8,2472,2376,0,5808,16,7536,776,6720,8056,16,0,0,0,24
1016,1480,4240,8,2472,2376,0,5808,16,7536,776,6720,8056,16,0,0,0,0
1016,1480,4240,8,2472,2376,0,5808,16,7536,776,6720,8056,16,0,0,0,0
1016,1480,4240,8,2472,2376,0,5808,16,7536,776,6720,8056,16,0,0,0,16
1016,1480,4240,8,2472,2376,0,5808,16,7536,776,6720,8056,16,0,0,0,24
1016,1480,4240,8,2472,2376,0,5808,16,7536,776,6720,8056,16,0,0,0,0
1016,1480,4240,8,2472,2376,0,5808,16,7536,776,6720,8056,16,0,0,0,8
1016,1480,4240,8,2472,2376,0,5808,16,7536,776,6720,8056,16,0,0,0,8
1016,1480,4240,8,2472,2376,0,5808,16,7536,776,6720,8056,16,0,0,0,24
1016,1480,4240,8,2472,2376,0,5808,16,7536,776,6720,8056,16,0,0,0,8
1016,1480,4240,8,2472,2376,0,5808,16,7536,776,6720,8056,16,0,0,0,8
1016,1480,4240,8,2472,2376,0,5808,16,7536,776,6720,8056,16,0,0,0,24
1016,1480,4240,8,2472,2376,0,5808,16,7536,776,6720,8056,16,0,0,0,0
1016,1480,4240,8,2472,2376,0,5808,16,7536,776,6720,8056,16,0,0,0,24
1016,1480,4240,8,2472,2376,0,5808,16,7536,776,6720,8056,16,0,0,0,24
1016,1480,4240,8,2472,2376,0,5808,16,7536,776,6720,8056,16,0,0,0,8
1016,1480,4240,8,2472,2376,0,5808,16,7536,776,6720,8056,16,0,0,0,8
1016,1480,4240,8,2472,2376,0,5808,16,7536,776,6720,8056,16,0,0,0,0
1016,1480,4240,8,2472,2376,0,5808,16,7536,776,6720,8056,16,0,0,0,8
1016,1480,4240,8,2472,2376,0,5808,16,7536,776,6720,8056,16,0,0,0,24
1016,1480,4240,8,2472,2376,0,5808,16,7536,776,6720,8056,16,0,0,0,8
1016,1480,4240,8,2472,2376,0,5808,16,7536,776,6720,8056,16,0,0,0,24
1016,1480,4240,8,2472,2376,0,5808,16,7536,776,6720,8056,16,0,0,0,0
1016,1480,4240,8,2472,2376,0,5808,16,7536,776,6720,8056,16,0,0,0,24
1016,1480,4240,8,2472,2376,0,5808,16,7536,776,6720,8056,16,0,0,0,0
1016,1480,4240,8,2472,2376,0,5808,16,7536,776,6720,8056,16,0,0,0,8
1016,1480,4240,8,2472,2376,0,5808,16,7536,776,6720,8056,16,0,0,0,16
1016,1480,4240,8,2472,2376,0,5808,16,7536,776,6720,8056,16,0,0,0,8
1016,1480,4240,8,2472,2376,0,5808,16,7536,776,6720,8056,16,0,0,0,0
1016,1480,4240,8,2472,2376,0,5808,16,7536,776,6720,8056,16,0,0,0,0
1016,1480,4240,8,2472,2376,0,5808,16,7536,776,6720,8056,16,0,0,0,0
1016,1480,4240,8,2472,2376,0,5808,16,7536,776,6720,8056,16,0,0,0,16
1016,1480,4240,8,2472,2376,0,5808,16,7536,776,6720,8056,16,0,0,0,8
1016,1480,4240,8,2472,2376,0,5808,16,7536,776,6720,8056,16,0,0,0,24
1016,1480,4240,8,2472,2376,0,5808,16,7536,776,6720,8056,16,0,0,0,0
1008,1480,4240,8,2472,2376,0,5808,16,7536,776,6720,8056,16,0,0,0,0
1008,1480,4240,8,2472,2376,0,5808,16,7536,776,6720,8056,16,0,0,0,0
1008,1480,4240,8,2472,2376,0,5808,16,7536,784,6720,8056,16,0,0,0,0
1008,1480,4240,8,2464,2376,0,5808,16,7536,784,6720,8056,16,0,0,0,0
1008,1480,4240,8,2464,2376,8,5808,16,7536,784,6720,8056,16,0,0,0,0
1008,1480,4232,8,2464,2376,8,5808,16,7536,784,6720,8056,16,0,0,0,0
1008,1480,4232,8,2464,2376,8,5808,16,7536,784,6720,8032,16,0,0,0,0
1008,1480,4232,8,2464,2376,8,5808,16,7536,784,6744,8032,16,0,0,0,0
1008,1480,4232,8,2464,2376,8,5808,16,7536,784,6744,8032,16,0,0,0,16
1008,1480,4232,8,2464,2376,0,5808,16,7536,784,6744,8032,16,0,0,0,16
1008,1480,4456,8,2464,2376,0,5808,16,7536,784,6744,8032,16,0,0,0,16
1008,1480,4456,8,2464,2376,0,5808,16,7536,784,6744,0,16,0,0,0,16
1008,1480,4456,8,2464,2376,0,5808,16,7536,784,6664,0,16,0,0,0,16
1008,1480,4456,8,2464,2376,0,6384,16,7536,784,6664,0,16,0,0,0,16
1008,1480,4456,0,2464,2376,0,6384,16,7536,784,6664,0,16,0,0,0,16
1008,1480,4456,0,2464,2208,0,6384,16,7536,784,6664,0,16,0,0,0,16
1008,1480,4456,0,2464,2208,0,6384,16,7536,784,6664,0,16,0,0,0,16
1008,1896,4456,0,2464,2208,0,6384,16,7536,784,6664,0,16,0,0,0,16
1008,1896,4456,0,2464,2208,0,6384,16,7664,784,6664,0,16,0,0,0,16
1008,1896,4456,0,2464,2216,0,6384,16,7664,784,6664,0,16,0,0,0,16
1008,1896,4456,0,2464,2216,0,6384,16,7664,784,6664,0,16,0,0,0,16
1008,1904,4456,0,2464,2216,0,6384,16,7664,784,6664,0,16,0,0,0,16
1008,1904,4456,0,2464,2216,0,6384,16,7664,784,6664,0,16,0,0,0,7656
1008,1904,4456,0,2464,2216,0,6384,16,7664,784,6664,0,16,0,0,0,2216
1008,1904,4456,0,2464,2216,0,6384,16,7664,784,6664,0,16,0,0,0,8
1008,1904,4456,0,2464,2216,0,6384,16,7664,784,6664,0,16,0,0,0,1912
1008,1904,4456,0,2464,2216,0,6384,16,7664,784,6664,0,16,0,0,0,7656
1008,1904,4456,0,2464,2216,0,6384,16,7664,784,6664,0,16,0,0,0,2224
1008,1904,4456,0,2464,2216,0,6384,16,7664,784,6664,0,16,0,0,0,24
1008,1904,4456,0,2464,2216,0,6384,16,7664,784,6664,0,16,0,0,0,1904
1008,1904,4456,0,2464,2216,0,6384,16,7664,784,6664,0,16,0,0,0,7672
1008,1904,4456,0,2464,2216,0,6384,16,7664,784,6664,0,16,0,0,0,2232
1008,1904,4456,0,2464,2216,0,6384,16,7664,784,6664,0,16,0,0,0,24
1008,1904,4456,0,2464,2216,0,6384,16,7664,784,6664,0,16,0,0,0,1888
1008,1904,4456,0,2464,2216,0,6384,16,7664,784,6664,0,16,0,0,0,7648
1008,1904,4456,0,2464,2216,0,6384,16,7664,784,6664,0,16,0,0,0,2216
1008,1904,4456,0,2464,2216,0,6384,16,7664,784,6664,0,16,0,0,0,0
1008,1904,4456,0,2464,2216,0,6384,16,7664,784,6664,0,16,0,0,0,1896
1008,1904,4456,0,2464,2216,0,6384,16,7664,784,6664,0,16,0,0,0,7672
1008,1904,4456,0,2464,2216,0,6384,16,7664,784,6664,0,16,0,0,0,2224
1008,1904,4456,0,2464,2216,0,6384,16,7664,784,6664,0,16,0,0,0,8
1008,1904,4456,0,2464,2216,0,6384,16,7664,784,6664,0,16,0,0,0,1912
1008,1904,4456,0,2464,2216,0,6384,16,7664,784,6664,0,16,0,0,0,7672
1008,1904,4456,0,2464,2216,0,6384,16,7664,784,6664,0,16,0,0,0,2224
1008,1904,4456,0,2464,2216,0,6384,16,7664,784,6664,0,16,0,0,0,16
1008,1904,4456,0,2464,2216,0,6384,16,7664,784,6664,0,16,0,0,0,1888
1008,1904,4456,0,2464,2216,0,6384,16,7664,784,6664,0,16,0,0,0,7648
1008,1904,4456,0,2464,2216,0,6384,16,7664,784,6664,0,16,0,0,0,2216
1008,1904,4456,0,2464,2216,0,6384,16,7664,784,6664,0,16,0,0,0,16
1008,1904,4456,0,2464,2216,0,6384,16,7664,784,6664,0,16,0,0,0,1912
1008,1904,4456,0,2464,2216,0,6384,16,7664,784,6664,0,16,0,0,0,7648
1008,1904,4456,0,2464,2216,0,6384,16,7664,784,6664,0,16,0,0,0,2216
1008,1904,4456,0,2464,2216,0,6384,16,7664,784,6664,0,16,0,0,0,8
1008,1904,4456,0,2464,2216,0,6384,16,7664,784,6664,0,16,0,0,0,1904
1008,1904,4456,0,2464,2216,0,6384,16,7664,784,6664,0,16,0,0,0,7656
1008,1904,4456,0,2464,2216,0,6384,16,7664,784,6664,0,16,0,0,0,2216
1008,1904,4456,0,2464,2216,0,6384,16,7664,784,6664,0,16,0,0,0,24
1008,1904,4456,0,2464,2216,0,6384,16,7664,784,6664,0,16,0,0,0,1888
1008,1904,4456,0,2464,2216,0,6384,16,7664,784,6664,0,16,0,0,0,7648
1008,1904,4456,0,2464,2216,0,6384,16,7664,784,6664,0,16,0,0,0,2232
1008,1904,4456,0,2464,2216,0,6384,16,7664,784,6664,0,16,0,0,0,8
1008,1904,4456,0,2464,2216,0,6384,16,7664,784,6664,0,16,0,0,0,1904
1008,1904,4456,0,2464,2216,0,6384,16,7664,784,6664,0,16,0,0,0,7648
1008,1904,4456,0,2464,2216,0,6384,16,7664,784,6664,0,16,0,0,0,2208
1008,1904,4456,0,2464,2216,0,6384,16,7664,784,6664,0,16,0,0,0,16
1008,1904,4456,0,2464,2216,0,6384,16,7664,784,6664,0,16,0,0,0,1896
1008,1904,4456,0,2464,2216,0,6384,16,7664,784,6664,0,16,0,0,0,7664
1008,1904,4456,0,2464,2216,0,6384,16,7664,784,6664,0,16,0,0,0,2208
1008,1904,4456,0,2464,2216,0,6384,16,7664,784,6664,0,16,0,0,0,8
1008,1904,4456,0,2464,2216,0,6384,16,7664,784,6664,0,16,0,0,0,1904
1072,1904,4456,0,2464,2216,0,6384,16,7664,784,6664,0,16,0,0,0,1904
1072,1904,4456,0,2464,2216,0,6384,16,7664,784,6664,0,24,0,0,0,1904
1072,1904,4456,0,2464,2216,0,6384,16,7664,856,6664,0,24,0,0,0,1904
1072,1904,4456,0,2592,2216,0,6384,16,7664,856,6664,0,24,0,0,0,1904
1072,1904,4456,0,2592,2216,16,6384,16,7664,856,6664,0,24,0,0,0,1904
1072,1904,4416,0,2592,2216,16,6384,16,7664,856,6664,0,24,0,0,0,1904
1072,1904,4416,0,2592,2216,16,6384,16,7664,856,6664,8184,24,0,0,0,1904
1072,1904,4416,0,2592,2216,16,6384,16,7664,856,6656,8184,24,0,0,0,1904
1072,1904,4416,0,2592,2216,16,6120,16,7664,856,6656,8184,24,0,0,0,1904
1072,1904,4416,16,2592,2216,16,6120,16,7664,856,6656,8184,24,0,0,0,1904
1072,1904,4416,16,2592,2312,16,6120,16,7664,856,6656,8184,24,0,0,0,1904
1072,1904,4416,16,2592,2312,16,6120,16,7664,856,6656,8184,24,0,0,0,1904
1072,1680,4416,16,2592,2312,16,6120,16,7664,856,6656,8184,24,0,0,0,1904
1072,1680,4416,16,2592,2312,16,6120,16,7672,856,6656,8184,24,0,0,0,1904
1072,1680,4416,16,2592,2328,16,6120,16,7672,856,6656,8184,24,0,0,0,1904
1072,1680,4416,16,2592,2328,16,6120,8,7672,856,6656,8184,24,0,0,0,1904
1072,1680,4416,16,2592,2328,16,6120,8,7672,856,6656,8184,24,0,0,0,24
1072,1680,4416,16,2592,2328,16,6120,8,7672,856,6656,8184,24,0,0,0,16
1072,1680,4416,16,2592,2328,16,6120,8,7672,856,6656,8184,24,0,0,0,8
1072,1680,4416,16,2592,2328,16,6120,8,7672,856,6656,8184,24,0,0,0,16
1072,1680,4416,16,2592,2328,16,6120,8,7672,856,6656,8184,24,0,0,0,16
1072,1680,4416,16,2592,2328,16,6120,8,7672,856,6656,8184,24,0,0,0,0
1072,1680,4416,16,2592,2328,16,6120,8,7672,856,6656,8184,24,0,0,0,0
1072,1680,4416,16,2592,2328,16,6120,8,7672,856,6656,8184,24,0,0,0,1584
1072,1680,4416,16,2592,2328,16,6120,8,7672,856,6656,8184,24,0,0,0,7600
1072,1680,4416,16,2592,2328,16,6120,8,7672,856,6656,8184,24,0,0,0,2480
1072,1680,4416,16,2592,2328,16,6120,8,7672,856,6656,8184,24,0,0,0,16
1072,1680,4416,16,2592,2328,16,6120,8,7672,856,6656,8184,24,0,0,0,1584
1072,1680,4416,16,2592,2328,16,6120,8,7672,856,6656,8184,24,0,0,0,7592
1072,1680,4416,16,2592,2328,16,6120,8,7672,856,6656,8184,24,0,0,0,2472
1072,1680,4416,16,2592,2328,16,6120,8,7672,856,6656,8184,24,0,0,0,24
1072,1680,4416,16,2592,2328,16,6120,8,7672,856,6656,8184,24,0,0,0,1592
1072,1680,4416,16,2592,2328,16,6120,8,7672,856,6656,8184,24,0,0,0,7608
1072,1680,4416,16,2592,2328,16,6120,8,7672,856,6656,8184,24,0,0,0,2480
1072,1680,4416,16,2592,2328,16,6120,8,7672,856,6656,8184,24,0,0,0,16
1072,1680,4416,16,2592,2328,16,6120,8,7672,856,6656,8184,24,0,0,0,1584
1072,1680,4416,16,2592,2328,16,6120,8,7672,856,6656,8184,24,0,0,0,7584
1072,1680,4416,16,2592,2328,16,6120,8,7672,856,6656,8184,24,0,0,0,2472
1072,1680,4416,16,2592,2328,16,6120,8,7672,856,6656,8184,24,0,0,0,16
1072,1680,4416,16,2592,2328,16,6120,8,7672,856,6656,8184,24,0,0,0,1568
1072,1680,4416,16,2592,2328,16,6120,8,7672,856,6656,8184,24,0,0,0,7592
1072,1680,4416,16,2592,2328,16,6120,8,7672,856,6656,8184,24,0,0,0,2472
1072,1680,4416,16,2592,2328,16,6120,8,7672,856,6656,8184,24,0,0,0,24
1072,1680,4416,16,2592,2328,16,6120,8,7672,856,6656,8184,24,0,0,0,1576
2056,1680,4416,16,2592,2328,16,6120,8,7672,856,6656,8184,24,0,0,0,1576
2056,1680,4416,16,2592,2328,16,6120,8,7672,856,6656,8184,112,0,0,0,1576
2056,1680,4416,16,2592,2328,16,6120,8,7672,704,6656,8184,112,0,0,0,1576
2056,1680,4416,16,2512,2328,16,6120,8,7672,704,6656,8184,112,0,0,0,1576
2056,1680,4416,16,2512,2328,16,6120,8,7672,704,6656,8184,112,0,0,0,1576
2056,1680,4384,16,2512,2328,16,6120,8,7672,704,6656,8184,112,0,0,0,1576
2056,1680,4384,16,2512,2328,16,6120,8,7672,704,6656,8016,112,0,0,0,1576
2056,1680,4384,16,2512,2328,16,6120,8,7672,704,6696,8016,112,0,0,0,1576
2056,1680,4384,16,2512,2328,16,6008,8,7672,704,6696,8016,112,0,0,0,1576
2056,1680,4384,0,2512,2328,16,6008,8,7672,704,6696,8016,112,0,0,0,1576
2056,1680,4384,0,2512,2464,16,6008,8,7672,704,6696,8016,112,0,0,0,1576
2056,1680,4384,0,2512,2464,16,6008,0,7672,704,6696,8016,112,0,0,0,1576
2056,1576,4384,0,2512,2464,16,6008,0,7672,704,6696,8016,112,0,0,0,1576
2056,1576,4384,0,2512,2464,16,6008,0,7592,704,6696,8016,112,0,0,0,1576
2056,1576,4384,0,2512,2472,16,6008,0,7592,704,6696,8016,112,0,0,0,1576
2056,1576,4384,0,2512,2472,16,6008,0,7592,704,6696,8016,112,0,0,0,1576
2056,1576,4384,0,2512,2472,16,6008,0,7592,704,6696,8016,112,0,0,0,24
2056,1576,4384,0,2512,2472,16,6008,0,7592,704,6696,8016,112,0,0,0,16
2056,1576,4384,0,2512,2472,16,6008,0,7592,704,6696,8016,112,0,0,0,8
2056,1576,4384,0,2512,2472,16,6008,0,7592,704,6696,8016,112,0,0,0,24
2056,1576,4384,0,2512,2472,16,6008,0,7592,704,6696,8016,112,0,0,0,16
2056,1576,4384,0,2512,2472,16,6008,0,7592,704,6696,8016,112,0,0,0,16
2056,1576,4384,0,2512,2472,16,6008,0,7592,704,6696,8016,112,0,0,0,16
2056,1576,4384,0,2512,2472,16,6008,0,7592,704,6696,8016,112,0,0,0,0
2056,1576,4384,0,2512,2472,16,6008,0,7592,704,6696,8016,112,0,0,0,8
2056,1576,4384,0,2512,2472,16,6008,0,7592,704,6696,8016,112,0,0,0,0
2056,1576,4384,0,2512,2472,16,6008,0,7592,704,6696,8016,112,0,0,0,8
2056,1576,4384,0,2512,2472,16,6008,0,7592,704,6696,8016,112,0,0,0,16
2056,1576,4384,0,2512,2472,16,6008,0,7592,704,6696,8016,112,0,0,0,8
2056,1576,4384,0,2512,2472,16,6008,0,7592,704,6696,8016,112,0,0,0,24
2056,1576,4384,0,2512,2472,16,6008,0,7592,704,6696,8016,112,0,0,0,16
2056,1576,4384,0,2512,2472,16,6008,0,7592,704,6696,8016,112,0,0,0,24
2056,1576,4384,0,2512,2472,16,6008,0,7592,704,6696,8016,112,0,0,0,0
2056,1576,4384,0,2512,2472,16,6008,0,7592,704,6696,8016,112,0,0,0,24
2056,1576,4384,0,2512,2472,16,6008,0,7592,704,6696,8016,112,0,0,0,16
2056,1576,4384,0,2512,2472,16,6008,0,7592,704,6696,8016,112,0,0,0,0
2056,1576,4384,0,2512,2472,16,6008,0,7592,704,6696,8016,112,0,0,0,8
2056,1576,4384,0,2512,2472,16,6008,0,7592,704,6696,8016,112,0,0,0,0
2056,1576,4384,0,2512,2472,16,6008,0,7592,704,6696,8016,112,0,0,0,0
2056,1576,4384,0,2512,2472,16,6008,0,7592,704,6696,8016,112,0,0,0,24
2056,1576,4384,0,2512,2472,16,6008,0,7592,704,6696,8016,112,0,0,0,24
2056,1576,4384,0,2512,2472,16,6008,0,7592,704,6696,8016,112,0,0,0,24
2056,1576,4384,0,2512,2472,16,6008,0,7592,704,6696,8016,112,0,0,0,8
2056,1576,4384,0,2512,2472,16,6008,0,7592,704,6696,8016,112,0,0,0,16
2056,1576,4384,0,2512,2472,16,6008,0,7592,704,6696,8016,112,0,0,0,24
2056,1576,4384,0,2512,2472,16,6008,0,7592,704,6696,8016,112,0,0,0,8
2056,1576,4384,0,2512,2472,16,6008,0,7592,704,6696,8016,112,0,0,0,0
2056,1576,4384,0,2512,2472,16,6008,0,7592,704,6696,8016,112,0,0,0,0
2056,1576,4384,0,2512,2472,16,6008,0,7592,704,6696,8016,112,0,0,0,8
2056,1576,4384,0,2512,2472,16,6008,0,7592,704,6696,8016,112,0,0,0,0
2056,1576,4384,0,2512,2472,16,6008,0,7592,704,6696,8016,112,0,0,0,0
2056,1576,4384,0,2512,2472,16,6008,0,7592,704,6696,8016,112,0,0,0,24
2056,1576,4384,0,2512,2472,16,6008,0,7592,704,6696,8016,112,0,0,0,16
2056,1576,4384,0,2512,2472,16,6008,0,7592,704,6696,8016,112,0,0,0,16
2056,1576,4384,0,2512,2472,16,6008,0,7592,704,6696,8016,112,0,0,0,16
2056,1576,4384,0,2512,2472,16,6008,0,7592,704,6696,8016,112,0,0,0,16
2056,1576,4384,0,2512,2472,16,6008,0,7592,704,6696,8016,112,0,0,0,16
2056,1576,4384,0,2512,2472,16,6008,0,7592,704,6696,8016,112,0,0,0,8
2056,1576,4384,0,2512,2472,16,6008,0,7592,704,6696,8016,112,0,0,0,24
2056,1576,4384,0,2512,2472,16,6008,0,7592,704,6696,8016,112,0,0,0,0
2056,1576,4384,0,2512,2472,16,6008,0,7592,704,6696,8016,112,0,0,0,24
2056,1576,4384,0,2512,2472,16,6008,0,7592,704,6696,8016,112,0,0,0,24
2056,1576,4384,0,2512,2472,16,6008,0,7592,704,6696,8016,112,0,0,0,16
2056,1576,4384,0,2512,2472,16,6008,0,7592,704,6696,8016,112,0,0,0,8
1568,1576,4384,0,2512,2472,16,6008,0,7592,704,6696,8016,112,0,0,0,8
1568,1576,4384,0,2512,2472,16,6008,0,7592,704,6696,8016,32,0,0,0,8
1568,1576,4384,0,2512,2472,16,6008,0,7592,824,6696,8016,32,0,0,0,8
1568,1576,4384,0,2496,2472,16,6008,0,7592,824,6696,8016,32,0,0,0,8
1568,1576,4384,0,2496,2472,16,6008,0,7592,824,6696,8016,32,0,0,0,8
1568,1576,4384,0,2496,2472,16,6008,0,7592,824,6696,8016,32,0,0,0,8
1568,1576,4384,0,2496,2472,16,6008,0,7592,824,6696,8000,32,0,0,0,8
1568,1576,4384,0,2496,2472,16,6008,0,7592,824,6744,8000,32,0,0,0,8
1568,1576,4384,0,2496,2472,16,6008,0,7592,824,6744,8000,32,0,0,0,8
1568,1576,4384,24,2496,2472,16,6008,0,7592,824,6744,8000,32,0,0,0,8
1568,1576,4384,24,2496,2488,16,6008,0,7592,824,6744,8000,32,0,0,0,8
1568,1576,4384,24,2496,2488,16,6008,24,7592,824,6744,8000,32,0,0,0,8
1568,1568,4384,24,2496,2488,16,6008,24,7592,824,6744,8000,32,0,0,0,8
1568,1568,4384,24,2496,2488,16,6008,24,7584,824,6744,8000,32,0,0,0,8
1568,1568,4384,24,2496,2464,16,6008,24,7584,824,6744,8000,32,0,0,0,8
1568,1568,4384,24,2496,2464,16,6008,8,7584,824,6744,8000,32,0,0,0,8
1568,1584,4384,24,2496,2464,16,6008,8,7584,824,6744,8000,32,0,0,0,8
1568,1584,4384,24,2496,2464,16,6008,8,7584,824,6744,8000,32,0,0,0,7592
1568,1584,4384,24,2496,2464,16,6008,8,7584,824,6744,8000,32,0,0,0,2488
1568,1584,4384,24,2496,2464,16,6008,8,7584,824,6744,8000,32,0,0,0,0
1568,1584,4384,24,2496,2464,16,6008,8,7584,824,6744,8000,32,0,0,0,1568
1568,1584,4384,24,2496,2464,16,6008,8,7584,824,6744,8000,32,0,0,0,7608
1568,1584,4384,24,2496,2464,16,6008,8,7584,824,6744,8000,32,0,0,0,2472
1568,1584,4384,24,2496,2464,16,6008,8,7584,824,6744,8000,32,0,0,0,0
1568,1584,4384,24,2496,2464,16,6008,8,7584,824,6744,8000,32,0,0,0,1576
1568,1584,4384,24,2496,2464,16,6008,8,7584,824,6744,8000,32,0,0,0,7592
1568,1584,4384,24,2496,2464,16,6008,8,7584,824,6744,8000,32,0,0,0,2472
1568,1584,4384,24,2496,2464,16,6008,8,7584,824,6744,8000,32,0,0,0,24
1568,1584,4384,24,2496,2464,16,6008,8,7584,824,6744,8000,32,0,0,0,1584
1568,1584,4384,24,2496,2464,16,6008,8,7584,824,6744,8000,32,0,0,0,7592
1568,1584,4384,24,2496,2464,16,6008,8,7584,824,6744,8000,32,0,0,0,2480
1568,1584,4384,24,2496,2464,16,6008,8,7584,824,6744,8000,32,0,0,0,16
1568,1584,4384,24,2496,2464,16,6008,8,7584,824,6744,8000,32,0,0,0,1592
1568,1584,4384,24,2496,2464,16,6008,8,7584,824,6744,8000,32,0,0,0,7584
1568,1584,4384,24,2496,2464,16,6008,8,7584,824,6744,8000,32,0,0,0,2480
1568,1584,4384,24,2496,2464,16,6008,8,7584,824,6744,8000,32,0,0,0,24
1568,1584,4384,24,2496,2464,16,6008,8,7584,824,6744,8000,32,0,0,0,1592
1568,1584,4384,24,2496,2464,16,6008,8,7584,824,6744,8000,32,0,0,0,7608
1568,1584,4384,24,2496,2464,16,6008,8,7584,824,6744,8000,32,0,0,0,2488
1568,1584,4384,24,2496,2464,16,6008,8,7584,824,6744,8000,32,0,0,0,24
1568,1584,4384,24,2496,2464,16,6008,8,7584,824,6744,8000,32,0,0,0,1584
1568,1584,4384,24,2496,2464,16,6008,8,7584,824,6744,8000,32,0,0,0,7584
1568,1584,4384,24,2496,2464,16,6008,8,7584,824,6744,8000,32,0,0,0,2472
1568,1584,4384,24,2496,2464,16,6008,8,7584,824,6744,8000,32,0,0,0,0
1568,1584,4384,24,2496,2464,16,6008,8,7584,824,6744,8000,32,0,0,0,1568
1568,1584,4384,24,2496,2464,16,6008,8,7584,824,6744,8000,32,0,0,0,7584
1568,1584,4384,24,2496,2464,16,6008,8,7584,824,6744,8000,32,0,0,0,2480
1568,1584,4384,24,2496,2464,16,6008,8,7584,824,6744,8000,32,0,0,0,24
1568,1584,4384,24,2496,2464,16,6008,8,7584,824,6744,8000,32,0,0,0,1584
1568,1584,4384,24,2496,2464,16,6008,8,7584,824,6744,8000,32,0,0,0,7584
1568,1584,4384,24,2496,2464,16,6008,8,7584,824,6744,8000,32,0,0,0,2488
1568,1584,4384,24,2496,2464,16,6008,8,7584,824,6744,8000,32,0,0,0,16
1568,1584,4384,24,2496,2464,16,6008,8,7584,824,6744,8000,32,0,0,0,1568
1568,1584,4384,24,2496,2464,16,6008,8,7584,824,6744,8000,32,0,0,0,7608
1568,1584,4384,24,2496,2464,16,6008,8,7584,824,6744,8000,32,0,0,0,2480
1568,1584,4384,24,2496,2464,16,6008,8,7584,824,6744,8000,32,0,0,0,24
1568,1584,4384,24,2496,2464,16,6008,8,7584,824,6744,8000,32,0,0,0,1568
1568,1584,4384,24,2496,2464,16,6008,8,7584,824,6744,8000,32,0,0,0,7592
1568,1584,4384,24,2496,2464,16,6008,8,7584,824,6744,8000,32,0,0,0,2488
1568,1584,4384,24,2496,2464,16,6008,8,7584,824,6744,8000,32,0,0,0,8
1568,1584,4384,24,2496,2464,16,6008,8,7584,824,6744,8000,32,0,0,0,1592
1568,1584,4384,24,2496,2464,16,6008,8,7584,824,6744,8000,32,0,0,0,7584
1568,1584,4384,24,2496,2464,16,6008,8,7584,824,6744,8000,32,0,0,0,2464
1568,1584,4384,24,2496,2464,16,6008,8,7584,824,6744,8000,32,0,0,0,16
1568,1584,4384,24,2496,2464,16,6008,8,7584,824,6744,8000,32,0,0,0,1592
1312,1584,4384,24,2496,2464,16,6008,8,7584,824,6744,8000,32,0,0,0,1592
1312,1584,4384,24,2496,2464,16,6008,8,7584,824,6744,8000,8,0,0,0,1592
1312,1584,4384,24,2496,2464,16,6008,8,7584,816,6744,8000,8,0,0,0,1592
1312,1584,4384,24,2504,2464,16,6008,8,7584,816,6744,8000,8,0,0,0,1592
1312,1584,4384,24,2504,2464,16,6008,8,7584,816,6744,8000,8,0,0,0,1592
1312,1584,4392,24,2504,2464,16,6008,8,7584,816,6744,8000,8,0,0,0,1592
1312,1584,4392,24,2504,2464,16,6008,8,7584,816,6744,8016,8,0,0,0,1592
1312,1584,4392,24,2504,2464,16,6008,8,7584,816,6720,8016,8,0,0,0,1592
1312,1584,4392,24,2504,2464,16,6000,8,7584,816,6720,8016,8,0,0,0,1592
1312,1584,4392,24,2504,2464,16,6000,8,7584,816,6720,8016,8,0,0,0,1592
1080,1600,5728,0,2552,2728,8,7432,0,7472,1744,7600,8024,2712,0,0,0,2736
1080,1600,5728,0,2552,2728,8,7432,0,7472,1744,7600,8024,2712,0,0,0,0
1080,1600,5728,0,2552,2728,8,7432,0,7472,1744,7600,8024,2712,0,0,0,1624
1080,1600,5728,0,2552,2728,8,7432,0,7472,1744,7600,8024,2712,0,0,0,7480
1080,1600,5728,0,2552,2728,8,7432,0,7472,1744,7600,8024,2712,0,0,0,2744
1080,1600,5728,0,2552,2728,8,7432,0,7472,1744,7600,8024,2712,0,0,0,8
1080,1600,5728,0,2552,2728,8,7432,0,7472,1744,7600,8024,2712,0,0,0,1624
1080,1600,5728,0,2552,2728,8,7432,0,7472,1744,7600,8024,2712,0,0,0,7464
1080,1600,5728,0,2552,2728,8,7432,0,7472,1744,7600,8024,2712,0,0,0,2728
1080,1600,5728,0,2552,2728,8,7432,0,7472,1744,7600,8024,2712,0,0,0,0
1080,1600,5728,0,2552,2728,8,7432,0,7472,1744,7600,8024,2712,0,0,0,1600
1080,1600,5728,0,2552,2728,8,7432,0,7472,1744,7600,8024,2712,0,0,0,7456
1080,1600,5728,0,2552,2728,8,7432,0,7472,1744,7600,8024,2712,0,0,0,2728
1080,1600,5728,0,2552,2728,8,7432,0,7472,1744,7600,8024,2712,0,0,0,16
1080,1600,5728,0,2552,2728,8,7432,0,7472,1744,7600,8024,2712,0,0,0,1600
1080,1600,5728,0,2552,2728,8,7432,0,7472,1744,7600,8024,2712,0,0,0,7464
1080,1600,5728,0,2552,2728,8,7432,0,7472,1744,7600,8024,2712,0,0,0,2736
1080,1600,5728,0,2552,2728,8,7432,0,7472,1744,7600,8024,2712,0,0,0,16
1080,1600,5728,0,2552,2728,8,7432,0,7472,1744,7600,8024,2712,0,0,0,1608
1080,1600,5728,0,2552,2728,8,7432,0,7472,1744,7600,8024,2712,0,0,0,7456
1080,1600,5728,0,2552,2728,8,7432,0,7472,1744,7600,8024,2712,0,0,0,2736
1080,1600,5728,0,2552,2728,8,7432,0,7472,1744,7600,8024,2712,0,0,0,8
1080,1600,5728,0,2552,2728,8,7432,0,7472,1744,7600,8024,2712,0,0,0,1616
1080,1600,5728,0,2552,2728,8,7432,0,7472,1744,7600,8024,2712,0,0,0,7464
1080,1600,5728,0,2552,2728,8,7432,0,7472,1744,7600,8024,2712,0,0,0,2728
1080,1600,5728,0,2552,2728,8,7432,0,7472,1744,7600,8024,2712,0,0,0,24
1080,1600,5728,0,2552,2728,8,7432,0,7472,1744,7600,8024,2712,0,0,0,1600
1056,1600,5728,0,2552,2728,8,7432,0,7472,1744,7600,8024,2712,0,0,0,1600
1056,1600,5728,0,2552,2728,8,7432,0,7472,1744,7600,8024,2576,0,0,0,1600
1056,1600,5728,0,2552,2728,8,7432,0,7472,1784,7600,8024,2576,0,0,0,1600
1056,1600,5728,0,2544,2728,8,7432,0,7472,1784,7600,8024,2576,0,0,0,1600
1056,1600,5728,0,2544,2728,16,7432,0,7472,1784,7600,8024,2576,0,0,0,1600
1056,1600,5752,0,2544,2728,16,7432,0,7472,1784,7600,8024,2576,0,0,0,1600
1056,1600,5752,0,2544,2728,16,7432,0,7472,1784,7600,216,2576,0,0,0,1600
1056,1600,5752,0,2544,2728,16,7432,0,7472,1784,7848,216,2576,0,0,0,1600
1056,1600,5752,0,2544,2728,16,8176,0,7472,1784,7848,216,2576,0,0,0,1600
1056,1600,5752,24,2544,2728,16,8176,0,7472,1784,7848,216,2576,0,0,0,1600
1056,1600,5752,24,2544,2728,16,8176,0,7472,1784,7848,216,2576,0,0,0,1600
1056,1600,5752,24,2544,2728,16,8176,0,7472,1784,7848,216,2576,0,0,0,1600
1056,1616,5752,24,2544,2728,16,8176,0,7472,1784,7848,216,2576,0,0,0,1600
1056,1616,5752,24,2544,2728,16,8176,0,7488,1784,7848,216,2576,0,0,0,1600
1056,1616,5752,24,2544,2744,16,8176,0,7488,1784,7848,216,2576,0,0,0,1600
1056,1616,5752,24,2544,2744,16,8176,24,7488,1784,7848,216,2576,0,0,0,1600
1056,1616,5752,24,2544,2744,16,8176,24,7488,1784,7848,216,2576,0,0,0,16
1056,1616,5752,24,2544,2744,16,8176,24,7488,1784,7848,216,2576,0,0,0,8
1056,1616,5752,24,2544,2744,16,8176,24,7488,1784,7848,216,2576,0,0,0,16
1056,1616,5752,24,2544,2744,16,8176,24,7488,1784,7848,216,2576,0,0,0,16
1056,1616,5752,24,2544,2744,16,8176,24,7488,1784,7848,216,2576,0,0,0,8
1056,1616,5752,24,2544,2744,16,8176,24,7488,1784,7848,216,2576,0,0,0,16
1056,1616,5752,24,2544,2744,16,8176,24,7488,1784,7848,216,2576,0,0,0,16
1056,1616,5752,24,2544,2744,16,8176,24,7488,1784,7848,216,2576,0,0,0,24
1056,1616,5752,24,2544,2744,16,8176,24,7488,1784,7848,216,2576,0,0,0,8
1056,1616,5752,24,2544,2744,16,8176,24,7488,1784,7848,216,2576,0,0,0,16
1056,1616,5752,24,2544,2744,16,8176,24,7488,1784,7848,216,2576,0,0,0,24
1056,1616,5752,24,2544,2744,16,8176,24,7488,1784,7848,216,2576,0,0,0,0
1056,1616,5752,24,2544,2744,16,8176,24,7488,1784,7848,216,2576,0,0,0,8
1056,1616,5752,24,2544,2744,16,8176,24,7488,1784,7848,216,2576,0,0,0,24
1056,1616,5752,24,2544,2744,16,8176,24,7488,1784,7848,216,2576,0,0,0,16
1056,1616,5752,24,2544,2744,16,8176,24,7488,1784,7848,216,2576,0,0,0,16
1056,1616,5752,24,2544,2744,16,8176,24,7488,1784,7848,216,2576,0,0,0,24
1056,1616,5752,24,2544,2744,16,8176,24,7488,1784,7848,216,2576,0,0,0,8
1056,1616,5752,24,2544,2744,16,8176,24,7488,1784,7848,216,2576,0,0,0,0
1056,1616,5752,24,2544,2744,16,8176,24,7488,1784,7848,216,2576,0,0,0,8
1056,1616,5752,24,2544,2744,16,8176,24,7488,1784,7848,216,2576,0,0,0,16
1056,1616,5752,24,2544,2744,16,8176,24,7488,1784,7848,216,2576,0,0,0,8
1056,1616,5752,24,2544,2744,16,8176,24,7488,1784,7848,216,2576,0,0,0,0
1056,1616,5752,24,2544,2744,16,8176,24,7488,1784,7848,216,2576,0,0,0,8
1056,1616,5752,24,2544,2744,16,8176,24,7488,1784,7848,216,2576,0,0,0,24
1056,1616,5752,24,2544,2744,16,8176,24,7488,1784,7848,216,2576,0,0,0,24
1056,1616,5752,24,2544,2744,16,8176,24,7488,1784,7848,216,2576,0,0,0,24
1056,1616,5752,24,2544,2744,16,8176,24,7488,1784,7848,216,2576,0,0,0,24
1056,1616,5752,24,2544,2744,16,8176,24,7488,1784,7848,216,2576,0,0,0,8
1056,1616,5752,24,2544,2744,16,8176,24,7488,1784,7848,216,2576,0,0,0,0
1056,1616,5752,24,2544,2744,16,8176,24,7488,1784,7848,216,2576,0,0,0,8
1056,1616,5752,24,2544,2744,16,8176,24,7488,1784,7848,216,2576,0,0,0,8
1056,1616,5752,24,2544,2744,16,8176,24,7488,1784,7848,216,2576,0,0,0,8
1056,1616,5752,24,2544,2744,16,8176,24,7488,1784,7848,216,2576,0,0,0,8
1056,1616,5752,24,2544,2744,16,8176,24,7488,1784,7848,216,2576,0,0,0,16
1056,1616,5752,24,2544,2744,16,8176,24,7488,1784,7848,216,2576,0,0,0,24
1056,1616,5752,24,2544,2744,16,8176,24,7488,1784,7848,216,2576,0,0,0,8
1056,1616,5752,24,2544,2744,16,8176,24,7488,1784,7848,216,2576,0,0,0,24
1056,1616,5752,24,2544,2744,16,8176,24,7488,1784,7848,216,2576,0,0,0,8
1056,1616,5752,24,2544,2744,16,8176,24,7488,1784,7848,216,2576,0,0,0,16
1056,1616,5752,24,2544,2744,16,8176,24,7488,1784,7848,216,2576,0,0,0,8
1056,1616,5752,24,2544,2744,16,8176,24,7488,1784,7848,216,2576,0,0,0,24
1056,1616,5752,24,2544,2744,16,8176,24,7488,1784,7848,216,2576,0,0,0,24
1056,1616,5752,24,2544,2744,16,8176,24,7488,1784,7848,216,2576,0,0,0,0
1056,1616,5752,24,2544,2744,16,8176,24,7488,1784,7848,216,2576,0,0,0,8
1056,1616,5752,24,2544,2744,16,8176,24,7488,1784,7848,216,2576,0,0,0,8
1056,1616,5752,24,2544,2744,16,8176,24,7488,1784,7848,216,2576,0,0,0,8
1056,1616,5752,24,2544,2744,16,8176,24,7488,1784,7848,216,2576,0,0,0,8
1184,1616,5752,24,2544,2744,16,8176,24,7488,1784,7848,216,2576,0,0,0,8
1184,1616,5752,24,2544,2744,16,8176,24,7488,1784,7848,216,2624,0,0,0,8
1184,1616,5752,24,2544,2744,16,8176,24,7488,2496,7848,216,2624,0,0,0,8
1184,1616,5752,24,2792,2744,16,8176,24,7488,2496,7848,216,2624,0,0,0,8
1184,1616,5752,24,2792,2744,24,8176,24,7488,2496,7848,216,2624,0,0,0,8
1184,1616,5480,24,2792,2744,24,8176,24,7488,2496,7848,216,2624,0,0,0,8
1184,1616,5480,24,2792,2744,24,8176,24,7488,2496,7848,144,2624,0,0,0,8
1184,1616,5480,24,2792,2744,24,8176,24,7488,2496,7656,144,2624,0,0,0,8
1184,1616,5480,24,2792,2744,24,7688,24,7488,2496,7656,144,2624,0,0,0,8
1184,1616,5480,0,2792,2744,24,7688,24,7488,2496,7656,144,2624,0,0,0,8
1184,1616,5480,0,2792,2768,24,7688,24,7488,2496,7656,144,2624,0,0,0,8
1184,1616,5480,0,2792,2768,24,7688,0,7488,2496,7656,144,2624,0,0,0,8
1184,1776,5480,0,2792,2768,24,7688,0,7488,2496,7656,144,2624,0,0,0,8
1184,1776,5480,0,2792,2768,24,7688,0,7568,2496,7656,144,2624,0,0,0,8
1184,1776,5480,0,2792,2760,24,7688,0,7568,2496,7656,144,2624,0,0,0,8
1184,1776,5480,0,2792,2760,24,7688,24,7568,2496,7656,144,2624,0,0,0,8
1184,1760,5480,0,2792,2760,24,7688,24,7568,2496,7656,144,2624,0,0,0,8
1184,1760,5480,0,2792,2760,24,7688,24,7568,2496,7656,144,2624,0,0,0,7576
1184,1760,5480,0,2792,2760,24,7688,24,7568,2496,7656,144,2624,0,0,0,2752
1184,1760,5480,0,2792,2760,24,7688,24,7568,2496,7656,144,2624,0,0,0,16
1184,1760,5480,0,2792,2760,24,7688,24,7568,2496,7656,144,2624,0,0,0,1776
1184,1760,5480,0,2792,2760,24,7688,24,7568,2496,7656,144,2624,0,0,0,7576
1184,1760,5480,0,2792,2760,24,7688,24,7568,2496,7656,144,2624,0,0,0,2760
1184,1760,5480,0,2792,2760,24,7688,24,7568,2496,7656,144,2624,0,0,0,24
1184,1760,5480,0,2792,2760,24,7688,24,7568,2496,7656,144,2624,0,0,0,1784
1184,1760,5480,0,2792,2760,24,7688,24,7568,2496,7656,144,2624,0,0,0,7568
1184,1760,5480,0,2792,2760,24,7688,24,7568,2496,7656,144,2624,0,0,0,2776
1184,1760,5480,0,2792,2760,24,7688,24,7568,2496,7656,144,2624,0,0,0,16
1184,1760,5480,0,2792,2760,24,7688,24,7568,2496,7656,144,2624,0,0,0,1760
1184,1760,5480,0,2792,2760,24,7688,24,7568,2496,7656,144,2624,0,0,0,7552
1184,1760,5480,0,2792,2760,24,7688,24,7568,2496,7656,144,2624,0,0,0,2776
1184,1760,5480,0,2792,2760,24,7688,24,7568,2496,7656,144,2624,0,0,0,24
1184,1760,5480,0,2792,2760,24,7688,24,7568,2496,7656,144,2624,0,0,0,1768
1184,1760,5480,0,2792,2760,24,7688,24,7568,2496,7656,144,2624,0,0,0,7560
1184,1760,5480,0,2792,2760,24,7688,24,7568,2496,7656,144,2624,0,0,0,2776
1184,1760,5480,0,2792,2760,24,7688,24,7568,2496,7656,144,2624,0,0,0,8
1184,1760,5480,0,2792,2760,24,7688,24,7568,2496,7656,144,2624,0,0,0,1776
1184,1760,5480,0,2792,2760,24,7688,24,7568,2496,7656,144,2624,0,0,0,7560
1184,1760,5480,0,2792,2760,24,7688,24,7568,2496,7656,144,2624,0,0,0,2752
1184,1760,5480,0,2792,2760,24,7688,24,7568,2496,7656,144,2624,0,0,0,16
1184,1760,5480,0,2792,2760,24,7688,24,7568,2496,7656,144,2624,0,0,0,1776
1184,1760,5480,0,2792,2760,24,7688,24,7568,2496,7656,144,2624,0,0,0,7560
1184,1760,5480,0,2792,2760,24,7688,24,7568,2496,7656,144,2624,0,0,0,2760
1184,1760,5480,0,2792,2760,24,7688,24,7568,2496,7656,144,2624,0,0,0,8
1184,1760,5480,0,2792,2760,24,7688,24,7568,2496,7656,144,2624,0,0,0,24
1184,1760,5480,0,2792,2760,24,7688,24,7568,2496,7656,144,2624,0,0,0,8
1184,1760,5480,0,2792,2760,24,7688,24,7568,2496,7656,144,2624,0,0,0,0
1184,1760,5480,0,2792,2760,24,7688,24,7568,2496,7656,144,2624,0,0,0,16
1184,1760,5480,0,2792,2760,24,7688,24,7568,2496,7656,144,2624,0,0,0,24
1184,1760,5480,0,2792,2760,24,7688,24,7568,2496,7656,144,2624,0,0,0,16
1184,1760,5480,0,2792,2760,24,7688,24,7568,2496,7656,144,2624,0,0,0,0
1184,1760,5480,0,2792,2760,24,7688,24,7568,2496,7656,144,2624,0,0,0,16
1184,1760,5480,0,2792,2760,24,7688,24,7568,2496,7656,144,2624,0,0,0,24
1184,1760,5480,0,2792,2760,24,7688,24,7568,2496,7656,144,2624,0,0,0,0
1184,1760,5480,0,2792,2760,24,7688,24,7568,2496,7656,144,2624,0,0,0,24
1184,1760,5480,0,2792,2760,24,7688,24,7568,2496,7656,144,2624,0,0,0,16
1184,1760,5480,0,2792,2760,24,7688,24,7568,2496,7656,144,2624,0,0,0,8
1184,1760,5480,0,2792,2760,24,7688,24,7568,2496,7656,144,2624,0,0,0,16
1184,1760,5480,0,2792,2760,24,7688,24,7568,2496,7656,144,2624,0,0,0,24
1184,1760,5480,0,2792,2760,24,7688,24,7568,2496,7656,144,2624,0,0,0,0
1184,1760,5480,0,2792,2760,24,7688,24,7568,2496,7656,144,2624,0,0,0,0
1184,1760,5480,0,2792,2760,24,7688,24,7568,2496,7656,144,2624,0,0,0,24
1184,1760,5480,0,2792,2760,24,7688,24,7568,2496,7656,144,2624,0,0,0,16
1184,1760,5480,0,2792,2760,24,7688,24,7568,2496,7656,144,2624,0,0,0,24
1184,1760,5480,0,2792,2760,24,7688,24,7568,2496,7656,144,2624,0,0,0,0
1184,1760,5480,0,2792,2760,24,7688,24,7568,2496,7656,144,2624,0,0,0,8
1184,1760,5480,0,2792,2760,24,7688,24,7568,2496,7656,144,2624,0,0,0,0
1184,1760,5480,0,2792,2760,24,7688,24,7568,2496,7656,144,2624,0,0,0,16
1184,1760,5480,0,2792,2760,24,7688,24,7568,2496,7656,144,2624,0,0,0,24
1184,1760,5480,0,2792,2760,24,7688,24,7568,2496,7656,144,2624,0,0,0,16
1184,1760,5480,0,2792,2760,24,7688,24,7568,2496,7656,144,2624,0,0,0,0
1184,1760,5480,0,2792,2760,24,7688,24,7568,2496,7656,144,2624,0,0,0,8
1224,1760,5480,0,2792,2760,24,7688,24,7568,2496,7656,144,2624,0,0,0,8
1224,1760,5480,0,2792,2760,24,7688,24,7568,2496,7656,144,2768,0,0,0,8
1224,1760,5480,0,2792,2760,24,7688,24,7568,1768,7656,144,2768,0,0,0,8
1224,1760,5480,0,2744,2760,24,7688,24,7568,1768,7656,144,2768,0,0,0,8
1224,1760,5480,0,2744,2760,16,7688,24,7568,1768,7656,144,2768,0,0,0,8
1224,1760,5984,0,2744,2760,16,7688,24,7568,1768,7656,144,2768,0,0,0,8
1224,1760,5984,0,2744,2760,16,7688,24,7568,1768,7656,7832,2768,0,0,0,8
1224,1760,5984,0,2744,2760,16,7688,24,7568,1768,7608,7832,2768,0,0,0,8
1224,1760,5984,0,2744,2760,16,7608,24,7568,1768,7608,7832,2768,0,0,0,8
1224,1760,5984,24,2744,2760,16,7608,24,7568,1768,7608,7832,2768,0,0,0,8
1224,1760,5984,24,2744,2720,16,7608,24,7568,1768,7608,7832,2768,0,0,0,8
1224,1760,5984,24,2744,2720,16,7608,0,7568,1768,7608,7832,2768,0,0,0,8
1224,1968,5984,24,2744,2720,16,7608,0,7568,1768,7608,7832,2768,0,0,0,8
1224,1968,5984,24,2744,2720,16,7608,0,7536,1768,7608,7832,2768,0,0,0,8
1224,1968,5984,24,2744,2720,16,7608,0,7536,1768,7608,7832,2768,0,0,0,8
1224,1968,5984,24,2744,2720,16,7608,16,7536,1768,7608,7832,2768,0,0,0,8
1224,1968,5984,24,2744,2720,16,7608,16,7536,1768,7608,7832,2768,0,0,0,8
1224,1968,5984,24,2744,2720,16,7608,16,7536,1768,7608,7832,2768,0,0,0,7544
1224,1968,5984,24,2744,2720,16,7608,16,7536,1768,7608,7832,2768,0,0,0,2720
1224,1968,5984,24,2744,2720,16,7608,16,7536,1768,7608,7832,2768,0,0,0,8
1224,1968,5984,24,2744,2720,16,7608,16,7536,1768,7608,7832,2768,0,0,0,1968
1224,1968,5984,24,2744,2720,16,7608,16,7536,1768,7608,7832,2768,0,0,0,7528
1224,1968,5984,24,2744,2720,16,7608,16,7536,1768,7608,7832,2768,0,0,0,2728
1224,1968,5984,24,2744,2720,16,7608,16,7536,1768,7608,7832,2768,0,0,0,0
1224,1968,5984,24,2744,2720,16,7608,16,7536,1768,7608,7832,2768,0,0,0,1960
1224,1968,5984,24,2744,2720,16,7608,16,7536,1768,7608,7832,2768,0,0,0,7520
1224,1968,5984,24,2744,2720,16,7608,16,7536,1768,7608,7832,2768,0,0,0,2720
1224,1968,5984,24,2744,2720,16,7608,16,7536,1768,7608,7832,2768,0,0,0,16
1224,1968,5984,24,2744,2720,16,7608,16,7536,1768,7608,7832,2768,0,0,0,1960
1224,1968,5984,24,2744,2720,16,7608,16,7536,1768,7608,7832,2768,0,0,0,7528
1224,1968,5984,24,2744,2720,16,7608,16,7536,1768,7608,7832,2768,0,0,0,2720
1224,1968,5984,24,2744,2720,16,7608,16,7536,1768,7608,7832,2768,0,0,0,0
1224,1968,5984,24,2744,2720,16,7608,16,7536,1768,7608,7832,2768,0,0,0,1968
1224,1968,5984,24,2744,2720,16,7608,16,7536,1768,7608,7832,2768,0,0,0,7520
1224,1968,5984,24,2744,2720,16,7608,16,7536,1768,7608,7832,2768,0,0,0,2736
1224,1968,5984,24,2744,2720,16,7608,16,7536,1768,7608,7832,2768,0,0,0,0
1224,1968,5984,24,2744,2720,16,7608,16,7536,1768,7608,7832,2768,0,0,0,1976
1224,1968,5984,24,2744,2720,16,7608,16,7536,1768,7608,7832,2768,0,0,0,7536
1224,1968,5984,24,2744,2720,16,7608,16,7536,1768,7608,7832,2768,0,0,0,2744
1224,1968,5984,24,2744,2720,16,7608,16,7536,1768,7608,7832,2768,0,0,0,24
1224,1968,5984,24,2744,2720,16,7608,16,7536,1768,7608,7832,2768,0,0,0,1960
1224,1968,5984,24,2744,2720,16,7608,16,7536,1768,7608,7832,2768,0,0,0,7544
1224,1968,5984,24,2744,2720,16,7608,16,7536,1768,7608,7832,2768,0,0,0,2728
1224,1968,5984,24,2744,2720,16,7608,16,7536,1768,7608,7832,2768,0,0,0,24
1224,1968,5984,24,2744,2720,16,7608,16,7536,1768,7608,7832,2768,0,0,0,1968
1224,1968,5984,24,2744,2720,16,7608,16,7536,1768,7608,7832,2768,0,0,0,7536
1224,1968,5984,24,2744,2720,16,7608,16,7536,1768,7608,7832,2768,0,0,0,2736
1224,1968,5984,24,2744,2720,16,7608,16,7536,1768,7608,7832,2768,0,0,0,16
1224,1968,5984,24,2744,2720,16,7608,16,7536,1768,7608,7832,2768,0,0,0,1960
1224,1968,5984,24,2744,2720,16,7608,16,7536,1768,7608,7832,2768,0,0,0,7544
1224,1968,5984,24,2744,2720,16,7608,16,7536,1768,7608,7832,2768,0,0,0,2720
1224,1968,5984,24,2744,2720,16,7608,16,7536,1768,7608,7832,2768,0,0,0,24
1224,1968,5984,24,2744,2720,16,7608,16,7536,1768,7608,7832,2768,0,0,0,1960
1224,1968,5984,24,2744,2720,16,7608,16,7536,1768,7608,7832,2768,0,0,0,7520
1224,1968,5984,24,2744,2720,16,7608,16,7536,1768,7608,7832,2768,0,0,0,2736
1224,1968,5984,24,2744,2720,16,7608,16,7536,1768,7608,7832,2768,0,0,0,0
1224,1968,5984,24,2744,2720,16,7608,16,7536,1768,7608,7832,2768,0,0,0,1952
1224,1968,5984,24,2744,2720,16,7608,16,7536,1768,7608,7832,2768,0,0,0,7544
1224,1968,5984,24,2744,2720,16,7608,16,7536,1768,7608,7832,2768,0,0,0,2728
1224,1968,5984,24,2744,2720,16,7608,16,7536,1768,7608,7832,2768,0,0,0,8
1224,1968,5984,24,2744,2720,16,7608,16,7536,1768,7608,7832,2768,0,0,0,1968
1224,1968,5984,24,2744,2720,16,7608,16,7536,1768,7608,7832,2768,0,0,0,7528
1224,1968,5984,24,2744,2720,16,7608,16,7536,1768,7608,7832,2768,0,0,0,2744
1224,1968,5984,24,2744,2720,16,7608,16,7536,1768,7608,7832,2768,0,0,0,8
1224,1968,5984,24,2744,2720,16,7608,16,7536,1768,7608,7832,2768,0,0,0,1952
1192,1968,5984,24,2744,2720,16,7608,16,7536,1768,7608,7832,2768,0,0,0,1952
1192,1968,5984,24,2744,2720,16,7608,16,7536,1768,7608,7832,2792,0,0,0,1952
1192,1968,5984,24,2744,2720,16,7608,16,7536,1784,7608,7832,2792,0,0,0,1952
1192,1968,5984,24,2720,2720,16,7608,16,7536,1784,7608,7832,2792,0,0,0,1952
1192,1968,5984,24,2720,2720,8,7608,16,7536,1784,7608,7832,2792,0,0,0,1952
1192,1968,6000,24,2720,2720,8,7608,16,7536,1784,7608,7832,2792,0,0,0,1952
1192,1968,6000,24,2720,2720,8,7608,16,7536,1784,7608,7808,2792,0,0,0,1952
1192,1968,6000,24,2720,2720,8,7608,16,7536,1784,7608,7808,2792,0,0,0,1952
1192,1968,6000,24,2720,2720,8,7584,16,7536,1784,7608,7808,2792,0,0,0,1952
1192,1968,6000,24,2720,2720,8,7584,16,7536,1784,7608,7808,2792,0,0,0,1952
1192,1968,6000,24,2720,2736,8,7584,16,7536,1784,7608,7808,2792,0,0,0,1952
1192,1968,6000,24,2720,2736,8,7584,24,7536,1784,7608,7808,2792,0,0,0,1952
1192,1912,6000,24,2720,2736,8,7584,24,7536,1784,7608,7808,2792,0,0,0,1952
1192,1912,6000,24,2720,2736,8,7584,24,7568,1784,7608,7808,2792,0,0,0,1952
1192,1912,6000,24,2720,2728,8,7584,24,7568,1784,7608,7808,2792,0,0,0,1952
1192,1912,6000,24,2720,2728,8,7584,0,7568,1784,7608,7808,2792,0,0,0,1952
1192,1912,6000,24,2720,2728,8,7584,0,7568,1784,7608,7808,2792,0,0,0,16
1192,1912,6000,24,2720,2728,8,7584,0,7568,1784,7608,7808,2792,0,0,0,8
1192,1912,6000,24,2720,2728,8,7584,0,7568,1784,7608,7808,2792,0,0,0,24
1192,1912,6000,24,2720,2728,8,7584,0,7568,1784,7608,7808,2792,0,0,0,16
1192,1912,6000,24,2720,2728,8,7584,0,7568,1784,7608,7808,2792,0,0,0,24
1192,1912,6000,24,2720,2728,8,7584,0,7568,1784,7608,7808,2792,0,0,0,24
1192,1912,6000,24,2720,2728,8,7584,0,7568,1784,7608,7808,2792,0,0,0,0
1192,1912,6000,24,2720,2728,8,7584,0,7568,1784,7608,7808,2792,0,0,0,24
1192,1912,6000,24,2720,2728,8,7584,0,7568,1784,7608,7808,2792,0,0,0,8
1192,1912,6000,24,2720,2728,8,7584,0,7568,1784,7608,7808,2792,0,0,0,8
1192,1912,6000,24,2720,2728,8,7584,0,7568,1784,7608,7808,2792,0,0,0,8
1192,1912,6000,24,2720,2728,8,7584,0,7568,1784,7608,7808,2792,0,0,0,16
1192,1912,6000,24,2720,2728,8,7584,0,7568,1784,7608,7808,2792,0,0,0,8
1192,1912,6000,24,2720,2728,8,7584,0,7568,1784,7608,7808,2792,0,0,0,16
1192,1912,6000,24,2720,2728,8,7584,0,7568,1784,7608,7808,2792,0,0,0,24
1192,1912,6000,24,2720,2728,8,7584,0,7568,1784,7608,7808,2792,0,0,0,16
1192,1912,6000,24,2720,2728,8,7584,0,7568,1784,7608,7808,2792,0,0,0,16
1192,1912,6000,24,2720,2728,8,7584,0,7568,1784,7608,7808,2792,0,0,0,8
1192,1912,6000,24,2720,2728,8,7584,0,7568,1784,7608,7808,2792,0,0,0,8
1192,1912,6000,24,2720,2728,8,7584,0,7568,1784,7608,7808,2792,0,0,0,16
1192,1912,6000,24,2720,2728,8,7584,0,7568,1784,7608,7808,2792,0,0,0,8
1192,1912,6000,24,2720,2728,8,7584,0,7568,1784,7608,7808,2792,0,0,0,24
1192,1912,6000,24,2720,2728,8,7584,0,7568,1784,7608,7808,2792,0,0,0,8
1192,1912,6000,24,2720,2728,8,7584,0,7568,1784,7608,7808,2792,0,0,0,24
1192,1912,6000,24,2720,2728,8,7584,0,7568,1784,7608,7808,2792,0,0,0,24
1192,1912,6000,24,2720,2728,8,7584,0,7568,1784,7608,7808,2792,0,0,0,8
1192,1912,6000,24,2720,2728,8,7584,0,7568,1784,7608,7808,2792,0,0,0,8
1192,1912,6000,24,2720,2728,8,7584,0,7568,1784,7608,7808,2792,0,0,0,8
1192,1912,6000,24,2720,2728,8,7584,0,7568,1784,7608,7808,2792,0,0,0,24
1192,1912,6000,24,2720,2728,8,7584,0,7568,1784,7608,7808,2792,0,0,0,8
1192,1912,6000,24,2720,2728,8,7584,0,7568,1784,7608,7808,2792,0,0,0,8
1192,1912,6000,24,2720,2728,8,7584,0,7568,1784,7608,7808,2792,0,0,0,16
1192,1912,6000,24,2720,2728,8,7584,0,7568,1784,7608,7808,2792,0,0,0,24
1192,1912,6000,24,2720,2728,8,7584,0,7568,1784,7608,7808,2792,0,0,0,0
1192,1912,6000,24,2720,2728,8,7584,0,7568,1784,7608,7808,2792,0,0,0,16
1192,1912,6000,24,2720,2728,8,7584,0,7568,1784,7608,7808,2792,0,0,0,0
1192,1912,6000,24,2720,2728,8,7584,0,7568,1784,7608,7808,2792,0,0,0,8
1192,1912,6000,24,2720,2728,8,7584,0,7568,1784,7608,7808,2792,0,0,0,0
1192,1912,6000,24,2720,2728,8,7584,0,7568,1784,7608,7808,2792,0,0,0,8
1192,1912,6000,24,2720,2728,8,7584,0,7568,1784,7608,7808,2792,0,0,0,8
1192,1912,6000,24,2720,2728,8,7584,0,7568,1784,7608,7808,2792,0,0,0,24
1192,1912,6000,24,2720,2728,8,7584,0,7568,1784,7608,7808,2792,0,0,0,8
1192,1912,6000,24,2720,2728,8,7584,0,7568,1784,7608,7808,2792,0,0,0,8
1192,1912,6000,24,2720,2728,8,7584,0,7568,1784,7608,7808,2792,0,0,0,16
1192,1912,6000,24,2720,2728,8,7584,0,7568,1784,7608,7808,2792,0,0,0,16
1192,1912,6000,24,2720,2728,8,7584,0,7568,1784,7608,7808,2792,0,0,0,0
1192,1912,6000,24,2720,2728,0,7584,0,7568,1784,7608,7808,2792,0,0,0,0
1192,1912,6000,24,2720,2728,0,7584,0,7568,1784,7608,7808,2792,0,0,0,7568
1192,1912,6000,24,2720,2728,0,7584,0,7568,1784,7608,7808,2792,0,0,0,2864
1192,1912,6000,24,2720,2728,0,7584,0,7568,1784,7608,7808,2792,0,0,0,16
1192,1912,6000,24,2720,2728,0,7584,0,7568,1784,7608,7808,2792,0,0,0,2048
1192,1912,6000,24,2720,2728,0,7584,0,7568,1784,7608,7808,2792,0,0,0,7560
1192,1912,6000,24,2720,2728,0,7584,0,7568,1784,7608,7808,2792,0,0,0,2864
1192,1912,6000,24,2720,2728,0,7584,0,7568,1784,7608,7808,2792,0,0,0,24
1192,1912,6000,24,2720,2728,0,7584,0,7568,1784,7608,7808,2792,0,0,0,2056
1192,1912,6000,24,2720,2728,0,7584,0,7568,1784,7608,7808,2792,0,0,0,7568
1192,1912,6000,24,2720,2728,0,7584,0,7568,1784,7608,7808,2792,0,0,0,2848
1192,1912,6000,24,2720,2728,0,7584,0,7568,1784,7608,7808,2792,0,0,0,0
1192,1912,6000,24,2720,2728,0,7584,0,7568,1784,7608,7808,2792,0,0,0,2056
1144,1912,6000,24,2720,2728,0,7584,0,7568,1784,7608,7808,2792,0,0,0,2056
1144,1912,6000,24,2720,2728,0,7584,0,7568,1784,7608,7808,2648,0,0,0,2056
1144,1912,6000,24,2720,2728,0,7584,0,7568,1760,7608,7808,2648,0,0,0,2056
1144,1912,6000,24,2784,2728,0,7584,0,7568,1760,7608,7808,2648,0,0,0,2056
1144,1912,6000,24,2784,2728,24,7584,0,7568,1760,7608,7808,2648,0,0,0,2056
1144,1912,5880,24,2784,2728,24,7584,0,7568,1760,7608,7808,2648,0,0,0,2056
1144,1912,5880,24,2784,2728,24,7584,0,7568,1760,7608,7792,2648,0,0,0,2056
1144,1912,5880,24,2784,2728,24,7584,0,7568,1760,7768,7792,2648,0,0,0,2056
1144,1912,5880,24,2784,2728,24,7560,0,7568,1760,7768,7792,2648,0,0,0,2056
1144,1912,5880,16,2784,2728,24,7560,0,7568,1760,7768,7792,2648,0,0,0,2056
1144,1912,5880,16,2784,2864,24,7560,0,7568,1760,7768,7792,2648,0,0,0,2056
1144,1912,5880,16,2784,2864,24,7560,8,7568,1760,7768,7792,2648,0,0,0,2056
1144,2032,5880,16,2784,2864,24,7560,8,7568,1760,7768,7792,2648,0,0,0,2056
1144,2032,5880,16,2784,2864,24,7560,8,7568,1760,7768,7792,2648,0,0,0,2056
1144,2032,5880,16,2784,2856,24,7560,8,7568,1760,7768,7792,2648,0,0,0,2056
1144,2032,5880,16,2784,2856,24,7560,0,7568,1760,7768,7792,2648,0,0,0,2056
1144,2032,5880,16,2784,2856,24,7560,0,7568,1760,7768,7792,2648,0,0,0,16
1144,2032,5880,16,2784,2856,24,7560,0,7568,1760,7768,7792,2648,0,0,0,24
1144,2032,5880,16,2784,2856,24,7560,0,7568,1760,7768,7792,2648,0,0,0,0
1144,2032,5880,16,2784,2856,24,7560,0,7568,1760,7768,7792,2648,0,0,0,0
1144,2032,5880,16,2784,2856,24,7560,0,7568,1760,7768,7792,2648,0,0,0,0
1144,2032,5880,16,2784,2856,24,7560,0,7568,1760,7768,7792,2648,0,0,0,16
1144,2032,5880,16,2784,2856,24,7560,0,7568,1760,7768,7792,2648,0,0,0,24
1144,2032,5880,16,2784,2856,24,7560,0,7568,1760,7768,7792,2648,0,0,0,8
1144,2032,5880,16,2784,2856,24,7560,0,7568,1760,7768,7792,2648,0,0,0,16
1144,2032,5880,16,2784,2856,24,7560,0,7568,1760,7768,7792,2648,0,0,0,8
1144,2032,5880,16,2784,2856,24,7560,0,7568,1760,7768,7792,2648,0,0,0,16
1144,2032,5880,16,2784,2856,24,7560,0,7568,1760,7768,7792,2648,0,0,0,24
1144,2032,5880,16,2784,2856,24,7560,0,7568,1760,7768,7792,2648,0,0,0,24
1144,2032,5880,16,2784,2856,24,7560,0,7568,1760,7768,7792,2648,0,0,0,24
1144,2032,5880,16,2784,2856,24,7560,0,7568,1760,7768,7792,2648,0,0,0,24
1144,2032,5880,16,2784,2856,24,7560,0,7568,1760,7768,7792,2648,0,0,0,24
1144,2032,5880,16,2784,2856,24,7560,0,7568,1760,7768,7792,2648,0,0,0,0
1144,2032,5880,16,2784,2856,24,7560,0,7568,1760,7768,7792,2648,0,0,0,0
1144,2032,5880,16,2784,2856,24,7560,0,7568,1760,7768,7792,2648,0,0,0,16
1144,2032,5880,16,2784,2856,24,7560,0,7568,1760,7768,7792,2648,0,0,0,0
1144,2032,5880,16,2784,2856,24,7560,0,7568,1760,7768,7792,2648,0,0,0,0
1144,2032,5880,16,2784,2856,24,7560,0,7568,1760,7768,7792,2648,0,0,0,16
1144,2032,5880,16,2784,2856,24,7560,0,7568,1760,7768,7792,2648,0,0,0,24
1144,2032,5880,16,2784,2856,24,7560,0,7568,1760,7768,7792,2648,0,0,0,16
1144,2032,5880,16,2784,2856,24,7560,0,7568,1760,7768,7792,2648,0,0,0,24
1144,2032,5880,16,2784,2856,24,7560,0,7568,1760,7768,7792,2648,0,0,0,0
1144,2032,5880,16,2784,2856,24,7560,0,7568,1760,7768,7792,2648,0,0,0,24
1144,2032,5880,16,2784,2856,24,7560,0,7568,1760,7768,7792,2648,0,0,0,0
1144,2032,5880,16,2784,2856,24,7560,0,7568,1760,7768,7792,2648,0,0,0,24
1144,2032,5880,16,2784,2856,24,7560,0,7568,1760,7768,7792,2648,0,0,0,24
1144,2032,5880,16,2784,2856,24,7560,0,7568,1760,7768,7792,2648,0,0,0,16
1144,2032,5880,16,2784,2856,24,7560,0,7568,1760,7768,7792,2648,0,0,0,24
1144,2032,5880,16,2784,2856,24,7560,0,7568,1760,7768,7792,2648,0,0,0,24
1144,2032,5880,16,2784,2856,24,7560,0,7568,1760,7768,7792,2648,0,0,0,24
1144,2032,5880,16,2784,2856,24,7560,0,7568,1760,7768,7792,2648,0,0,0,24
1144,2032,5880,16,2784,2856,24,7560,0,7568,1760,7768,7792,2648,0,0,0,8
1144,2032,5880,16,2784,2856,24,7560,0,7568,1760,7768,7792,2648,0,0,0,16
1144,2032,5880,16,2784,2856,24,7560,0,7568,1760,7768,7792,2648,0,0,0,0
1144,2032,5880,16,2784,2856,24,7560,0,7568,1760,7768,7792,2648,0,0,0,16
1144,2032,5880,16,2784,2856,24,7560,0,7568,1760,7768,7792,2648,0,0,0,16
1144,2032,5880,16,2784,2856,24,7560,0,7568,1760,7768,7792,2648,0,0,0,24
1144,2032,5880,16,2784,2856,24,7560,0,7568,1760,7768,7792,2648,0,0,0,16
1144,2032,5880,16,2784,2856,24,7560,0,7568,1760,7768,7792,2648,0,0,0,8
1144,2032,5880,16,2784,2856,24,7560,0,7568,1760,7768,7792,2648,0,0,0,16
1144,2032,5880,16,2784,2856,24,7560,0,7568,1760,7768,7792,2648,0,0,0,24
1144,2032,5880,16,2784,2856,24,7560,0,7568,1760,7768,7792,2648,0,0,0,16
1144,2032,5880,16,2784,2856,24,7560,0,7568,1760,7768,7792,2648,0,0,0,8
1144,2032,5880,16,2784,2856,24,7560,0,7568,1760,7768,7792,2648,0,0,0,16
1120,2032,5880,16,2784,2856,24,7560,0,7568,1760,7768,7792,2648,0,0,0,16
1120,2032,5880,16,2784,2856,24,7560,0,7568,1760,7768,7792,2624,0,0,0,16
1120,2032,5880,16,2784,2856,24,7560,0,7568,1760,7768,7792,2624,0,0,0,16
1120,2032,5880,16,2784,2856,24,7560,0,7568,1760,7768,7792,2624,0,0,0,16
1120,2032,5880,16,2784,2856,16,7560,0,7568,1760,7768,7792,2624,0,0,0,16
1120,2032,5856,16,2784,2856,16,7560,0,7568,1760,7768,7792,2624,0,0,0,16
1120,2032,5856,16,2784,2856,16,7560,0,7568,1760,7768,7776,2624,0,0,0,16
1120,2032,5856,16,2784,2856,16,7560,0,7568,1760,7704,7776,2624,0,0,0,16
1120,2032,5856,16,2784,2856,16,7552,0,7568,1760,7704,7776,2624,0,0,0,16
1120,2032,5856,16,2784,2856,16,7552,0,7568,1760,7704,7776,2624,0,0,0,16
1120,2032,5856,16,2784,2856,16,7552,0,7568,1760,7704,7776,2624,0,0,0,16
1120,2032,5856,16,2784,2856,16,7552,0,7568,1760,7704,7776,2624,0,0,0,16
1120,1992,5856,16,2784,2856,16,7552,0,7568,1760,7704,7776,2624,0,0,0,16
1120,1992,5856,16,2784,2856,16,7552,0,7552,1760,7704,7776,2624,0,0,0,16
1120,1992,5856,16,2784,2848,16,7552,0,7552,1760,7704,7776,2624,0,0,0,16
1120,1992,5856,16,2784,2848,16,7552,8,7552,1760,7704,7776,2624,0,0,0,16
1120,1984,5856,16,2784,2848,16,7552,8,7552,1760,7704,7776,2624,0,0,0,16
1120,1984,5856,16,2784,2848,16,7552,8,7552,1760,7704,7776,2624,0,0,0,7576
1120,1984,5856,16,2784,2848,16,7552,8,7552,1760,7704,7776,2624,0,0,0,2848
1120,1984,5856,16,2784,2848,16,7552,8,7552,1760,7704,7776,2624,0,0,0,24
1120,1984,5856,16,2784,2848,16,7552,8,7552,1760,7704,7776,2624,0,0,0,1992
1120,1984,5856,16,2784,2848,16,7552,8,7552,1760,7704,7776,2624,0,0,0,7560
1120,1984,5856,16,2784,2848,16,7552,8,7552,1760,7704,7776,2624,0,0,0,2848
1120,1984,5856,16,2784,2848,16,7552,8,7552,1760,7704,7776,2624,0,0,0,0
1120,1984,5856,16,2784,2848,16,7552,8,7552,1760,7704,7776,2624,0,0,0,1992
1120,1984,5856,16,2784,2848,16,7552,8,7552,1760,7704,7776,2624,0,0,0,7568
1120,1984,5856,16,2784,2848,16,7552,8,7552,1760,7704,7776,2624,0,0,0,2864
1120,1984,5856,16,2784,2848,16,7552,8,7552,1760,7704,7776,2624,0,0,0,0
1120,1984,5856,16,2784,2848,16,7552,8,7552,1760,7704,7776,2624,0,0,0,1992
1120,1984,5856,16,2784,2848,16,7552,8,7552,1760,7704,7776,2624,0,0,0,7576
1120,1984,5856,16,2784,2848,16,7552,8,7552,1760,7704,7776,2624,0,0,0,2864
1120,1984,5856,16,2784,2848,16,7552,8,7552,1760,7704,7776,2624,0,0,0,0
1120,1984,5856,16,2784,2848,16,7552,8,7552,1760,7704,7776,2624,0,0,0,2008
1120,1984,5856,16,2784,2848,16,7552,8,7552,1760,7704,7776,2624,0,0,0,7576
1120,1984,5856,16,2784,2848,16,7552,8,7552,1760,7704,7776,2624,0,0,0,2848
1120,1984,5856,16,2784,2848,16,7552,8,7552,1760,7704,7776,2624,0,0,0,16
1120,1984,5856,16,2784,2848,16,7552,8,7552,1760,7704,7776,2624,0,0,0,1984
1120,1984,5856,16,2784,2848,16,7552,8,7552,1760,7704,7776,2624,0,0,0,7568
1120,1984,5856,16,2784,2848,16,7552,8,7552,1760,7704,7776,2624,0,0,0,2872
1120,1984,5856,16,2784,2848,16,7552,8,7552,1760,7704,7776,2624,0,0,0,0
1120,1984,5856,16,2784,2848,16,7552,8,7552,1760,7704,7776,2624,0,0,0,2008
1120,1984,5856,16,2784,2848,16,7552,8,7552,1760,7704,7776,2624,0,0,0,7576
1120,1984,5856,16,2784,2848,16,7552,8,7552,1760,7704,7776,2624,0,0,0,2864
1120,1984,5856,16,2784,2848,16,7552,8,7552,1760,7704,7776,2624,0,0,0,24
1120,1984,5856,16,2784,2848,16,7552,8,7552,1760,7704,7776,2624,0,0,0,2008
1120,1984,5856,16,2784,2848,16,7552,8,7552,1760,7704,7776,2624,0,0,0,7560
1120,1984,5856,16,2784,2848,16,7552,8,7552,1760,7704,7776,2624,0,0,0,2848
1120,1984,5856,16,2784,2848,16,7552,8,7552,1760,7704,7776,2624,0,0,0,16
1120,1984,5856,16,2784,2848,16,7552,8,7552,1760,7704,7776,2624,0,0,0,2008
1120,1984,5856,16,2784,2848,16,7552,8,7552,1760,7704,7776,2624,0,0,0,7552
1120,1984,5856,16,2784,2848,16,7552,8,7552,1760,7704,7776,2624,0,0,0,2872
1120,1984,5856,16,2784,2848,16,7552,8,7552,1760,7704,7776,2624,0,0,0,16
1120,1984,5856,16,2784,2848,16,7552,8,7552,1760,7704,7776,2624,0,0,0,2000
1120,1984,5856,16,2784,2848,16,7552,8,7552,1760,7704,7776,2624,0,0,0,7576
1120,1984,5856,16,2784,2848,16,7552,8,7552,1760,7704,7776,2624,0,0,0,2848
1120,1984,5856,16,2784,2848,16,7552,8,7552,1760,7704,7776,2624,0,0,0,8
1120,1984,5856,16,2784,2848,16,7552,8,7552,1760,7704,7776,2624,0,0,0,1984
1120,1984,5856,16,2784,2848,16,7552,8,7552,1760,7704,7776,2624,0,0,0,7552
1120,1984,5856,16,2784,2848,16,7552,8,7552,1760,7704,7776,2624,0,0,0,2872
1120,1984,5856,16,2784,2848,16,7552,8,7552,1760,7704,7776,2624,0,0,0,16
1120,1984,5856,16,2784,2848,16,7552,8,7552,1760,7704,7776,2624,0,0,0,2008
1120,1984,5856,16,2784,2848,16,7552,8,7552,1760,7704,7776,2624,0,0,0,7568
1120,1984,5856,16,2784,2848,16,7552,8,7552,1760,7704,7776,2624,0,0,0,2864
1120,1984,5856,16,2784,2848,16,7552,8,7552,1760,7704,7776,2624,0,0,0,24
1120,1984,5856,16,2784,2848,16,7552,8,7552,1760,7704,7776,2624,0,0,0,2000
1120,1984,5856,16,2784,2848,16,7552,8,7552,1760,7704,7776,2624,0,0,0,2000
1120,1984,5856,16,2784,2848,16,7552,8,7552,1760,7704,7776,2768,0,0,0,2000
1120,1984,5856,16,2784,2848,16,7552,8,7552,984,7704,7776,2768,0,0,0,2000
1120,1984,5856,16,2784,2848,16,7552,8,7552,984,7704,7776,2768,0,0,0,2000
1120,1984,5856,16,2784,2848,0,7552,8,7552,984,7704,7776,2768,0,0,0,2000
1120,1984,5856,16,2784,2848,0,7552,8,7552,984,7704,7776,2768,0,0,0,2000
1120,1984,5856,16,2784,2848,0,7552,8,7552,984,7704,7792,2768,0,0,0,2000
1120,1984,5856,16,2784,2848,0,7552,8,7552,984,7656,7792,2768,0,0,0,2000
1120,1984,5856,16,2784,2848,0,7576,8,7552,984,7656,7792,2768,0,0,0,2000
1120,1984,5856,0,2784,2848,0,7576,8,7552,984,7656,7792,2768,0,0,0,2000
1120,1984,5856,0,2784,2864,0,7576,8,7552,984,7656,7792,2768,0,0,0,2000
1120,1984,5856,0,2784,2864,0,7576,16,7552,984,7656,7792,2768,0,0,0,2000
1120,1960,5856,0,2784,2864,0,7576,16,7552,984,7656,7792,2768,0,0,0,2000
1120,1960,5856,0,2784,2864,0,7576,16,7568,984,7656,7792,2768,0,0,0,2000
1120,1960,5856,0,2784,2856,0,7576,16,7568,984,7656,7792,2768,0,0,0,2000
1120,1960,5856,0,2784,2856,0,7576,8,7568,984,7656,7792,2768,0,0,0,2000
1120,1960,5856,0,2784,2856,0,7576,8,7568,984,7656,7792,2768,0,0,0,8
1120,1960,5856,0,2784,2856,0,7576,8,7568,984,7656,7792,2768,0,0,0,8
1120,1960,5856,0,2784,2856,0,7576,8,7568,984,7656,7792,2768,0,0,0,24
1120,1960,5856,0,2784,2856,0,7576,8,7568,984,7656,7792,2768,0,0,0,24
1120,1960,5856,0,2784,2856,0,7576,8,7568,984,7656,7792,2768,0,0,0,16
1120,1960,5856,0,2784,2856,0,7576,8,7568,984,7656,7792,2768,0,0,0,0
1120,1960,5856,0,2784,2856,0,7576,8,7568,984,7656,7792,2768,0,0,0,16
1120,1960,5856,0,2784,2856,0,7576,8,7568,984,7656,7792,2768,0,0,0,8
1120,1960,5856,0,2784,2856,0,7576,8,7568,984,7656,7792,2768,0,0,0,16
1120,1960,5856,0,2784,2856,0,7576,8,7568,984,7656,7792,2768,0,0,0,16
1120,1960,5856,0,2784,2856,0,7576,8,7568,984,7656,7792,2768,0,0,0,16
1120,1960,5856,0,2784,2856,0,7576,8,7568,984,7656,7792,2768,0,0,0,24
1120,1960,5856,0,2784,2856,0,7576,8,7568,984,7656,7792,2768,0,0,0,16
1120,1960,5856,0,2784,2856,0,7576,8,7568,984,7656,7792,2768,0,0,0,8
1120,1960,5856,0,2784,2856,0,7576,8,7568,984,7656,7792,2768,0,0,0,16
1120,1960,5856,0,2784,2856,0,7576,8,7568,984,7656,7792,2768,0,0,0,0
1120,1960,5856,0,2784,2856,0,7576,8,7568,984,7656,7792,2768,0,0,0,8
1120,1960,5856,0,2784,2856,0,7576,8,7568,984,7656,7792,2768,0,0,0,24
1120,1960,5856,0,2784,2856,0,7576,8,7568,984,7656,7792,2768,0,0,0,8
1120,1960,5856,0,2784,2856,0,7576,8,7568,984,7656,7792,2768,0,0,0,24
1120,1960,5856,0,2784,2856,0,7576,8,7568,984,7656,7792,2768,0,0,0,0
1120,1960,5856,0,2784,2856,0,7576,8,7568,984,7656,7792,2768,0,0,0,16
1120,1960,5856,0,2784,2856,0,7576,8,7568,984,7656,7792,2768,0,0,0,8
1120,1960,5856,0,2784,2856,0,7576,8,7568,984,7656,7792,2768,0,0,0,8
1120,1960,5856,0,2784,2856,0,7576,8,7568,984,7656,7792,2768,0,0,0,8
1120,1960,5856,0,2784,2856,0,7576,8,7568,984,7656,7792,2768,0,0,0,16
1120,1960,5856,0,2784,2856,0,7576,8,7568,984,7656,7792,2768,0,0,0,0
1120,1960,5856,0,2784,2856,0,7576,8,7568,984,7656,7792,2768,0,0,0,24
1120,1960,5856,0,2784,2856,0,7576,8,7568,984,7656,7792,2768,0,0,0,16
1120,1960,5856,0,2784,2856,0,7576,8,7568,984,7656,7792,2768,0,0,0,24
1120,1960,5856,0,2784,2856,0,7576,8,7568,984,7656,7792,2768,0,0,0,24
1120,1960,5856,0,2784,2856,0,7576,8,7568,984,7656,7792,2768,0,0,0,24
1120,1960,5856,0,2784,2856,0,7576,8,7568,984,7656,7792,2768,0,0,0,16
1120,1960,5856,0,2784,2856,0,7576,8,7568,984,7656,7792,2768,0,0,0,16
1120,1960,5856,0,2784,2856,0,7576,8,7568,984,7656,7792,2768,0,0,0,8
1120,1960,5856,0,2784,2856,0,7576,8,7568,984,7656,7792,2768,0,0,0,8
1120,1960,5856,0,2784,2856,0,7576,8,7568,984,7656,7792,2768,0,0,0,16
1120,1960,5856,0,2784,2856,0,7576,8,7568,984,7656,7792,2768,0,0,0,24
1120,1960,5856,0,2784,2856,0,7576,8,7568,984,7656,7792,2768,0,0,0,0
1120,1960,5856,0,2784,2856,0,7576,8,7568,984,7656,7792,2768,0,0,0,0
1120,1960,5856,0,2784,2856,0,7576,8,7568,984,7656,7792,2768,0,0,0,0
1120,1960,5856,0,2784,2856,0,7576,8,7568,984,7656,7792,2768,0,0,0,8
1120,1960,5856,0,2784,2856,0,7576,8,7568,984,7656,7792,2768,0,0,0,16
1120,1960,5856,0,2784,2856,0,7576,8,7568,984,7656,7792,2768,0,0,0,0
1120,1960,5856,0,2784,2856,0,7576,8,7568,984,7656,7792,2768,0,0,0,24
1120,1960,5856,0,2784,2856,0,7576,8,7568,984,7656,7792,2768,0,0,0,8
1120,1960,5856,0,2784,2856,0,7576,8,7568,984,7656,7792,2768,0,0,0,24
1120,1960,5856,0,2784,2856,0,7576,8,7568,984,7656,7792,2768,0,0,0,16
1120,1960,5856,0,2784,2856,0,7576,8,7568,984,7656,7792,2768,0,0,0,16
1120,1960,5856,0,2784,2856,0,7576,8,7568,984,7656,7792,2808,0,0,0,16
1120,1960,5856,0,2784,2856,0,7576,8,7568,1520,7656,7792,2808,0,0,0,16
1120,1960,5856,0,2784,2856,0,7576,8,7568,1520,7656,7792,2808,0,0,0,16
1120,1960,5856,0,2784,2856,0,7576,8,7568,1520,7656,7792,2808,0,0,0,16
1120,1960,5864,0,2784,2856,0,7576,8,7568,1520,7656,7792,2808,0,0,0,16
1120,1960,5864,0,2784,2856,0,7576,8,7568,1520,7656,464,2808,0,0,0,16
1120,1960,5864,0,2784,2856,0,7576,8,7568,1520,7656,464,2808,0,0,0,16
1120,1960,5864,0,2784,2856,0,7576,8,7568,1520,7656,464,2808,0,0,0,16
1120,1960,5864,24,2784,2856,0,7576,8,7568,1520,7656,464,2808,0,0,0,16
1120,1960,5864,24,2784,2856,0,7576,8,7568,1520,7656,464,2808,0,0,0,16
1120,1960,5864,24,2784,2856,0,7576,0,7568,1520,7656,464,2808,0,0,0,16
1120,1920,5864,24,2784,2856,0,7576,0,7568,1520,7656,464,2808,0,0,0,16
1120,1920,5864,24,2784,2856,0,7576,0,7560,1520,7656,464,2808,0,0,0,16
1120,1920,5864,24,2784,2848,0,7576,0,7560,1520,7656,464,2808,0,0,0,16
1120,1920,5864,24,2784,2848,0,7576,8,7560,1520,7656,464,2808,0,0,0,16
1120,1936,5864,24,2784,2848,0,7576,8,7560,1520,7656,464,2808,0,0,0,16
1120,1936,5864,24,2784,2848,0,7576,8,7560,1520,7656,464,2808,0,0,0,7560
1120,1936,5864,24,2784,2848,0,7576,8,7560,1520,7656,464,2808,0,0,0,2856
1120,1936,5864,24,2784,2848,0,7576,8,7560,1520,7656,464,2808,0,0,0,16
1120,1936,5864,24,2784,2848,0,7576,8,7560,1520,7656,464,2808,0,0,0,1928
1120,1936,5864,24,2784,2848,0,7576,8,7560,1520,7656,464,2808,0,0,0,7552
1120,1936,5864,24,2784,2848,0,7576,8,7560,1520,7656,464,2808,0,0,0,2872
1120,1936,5864,24,2784,2848,0,7576,8,7560,1520,7656,464,2808,0,0,0,16
1120,1936,5864,24,2784,2848,0,7576,8,7560,1520,7656,464,2808,0,0,0,1944
1120,1936,5864,24,2784,2848,0,7576,8,7560,1520,7656,464,2808,0,0,0,7576
1120,1936,5864,24,2784,2848,0,7576,8,7560,1520,7656,464,2808,0,0,0,2848
1120,1936,5864,24,2784,2848,0,7576,8,7560,1520,7656,464,2808,0,0,0,8
1120,1936,5864,24,2784,2848,0,7576,8,7560,1520,7656,464,2808,0,0,0,1936
1120,1936,5864,24,2784,2848,0,7576,8,7560,1520,7656,464,2808,0,0,0,7560
1120,1936,5864,24,2784,2848,0,7576,8,7560,1520,7656,464,2808,0,0,0,2848
1120,1936,5864,24,2784,2848,0,7576,8,7560,1520,7656,464,2808,0,0,0,0
1120,1936,5864,24,2784,2848,0,7576,8,7560,1520,7656,464,2808,0,0,0,1936
1120,1936,5864,24,2784,2848,0,7576,8,7560,1520,7656,464,2808,0,0,0,7560
1120,1936,5864,24,2784,2848,0,7576,8,7560,1520,7656,464,2808,0,0,0,2864
1120,1936,5864,24,2784,2848,0,7576,8,7560,1520,7656,464,2808,0,0,0,8
1120,1936,5864,24,2784,2848,0,7576,8,7560,1520,7656,464,2808,0,0,0,1920
1120,1936,5864,24,2784,2848,0,7576,8,7560,1520,7656,464,2808,0,0,0,7552
1120,1936,5864,24,2784,2848,0,7576,8,7560,1520,7656,464,2808,0,0,0,2848
1120,1936,5864,24,2784,2848,0,7576,8,7560,1520,7656,464,2808,0,0,0,0
1120,1936,5864,24,2784,2848,0,7576,8,7560,1520,7656,464,2808,0,0,0,1928
1120,1936,5864,24,2784,2848,0,7576,8,7560,1520,7656,464,2808,0,0,0,7560
1120,1936,5864,24,2784,2848,0,7576,8,7560,1520,7656,464,2808,0,0,0,2856
1120,1936,5864,24,2784,2848,0,7576,8,7560,1520,7656,464,2808,0,0,0,8
